🔍 Starting queue worker monitor...
📂 Working directory: /Users/anamariaradulescu/Herd/Project-Namer
⏰ Check interval: 10 seconds

⚠️  [2025-10-29 11:46:49] Queue worker not running! Starting...
✅ [2025-10-29 11:46:49] Queue worker started with PID: 31211
✓ [2025-10-29 11:46:59] Queue worker is running (1 process)
✓ [2025-10-29 11:47:09] Queue worker is running (1 process)
✓ [2025-10-29 11:47:19] Queue worker is running (1 process)
✓ [2025-10-29 11:47:29] Queue worker is running (1 process)
✓ [2025-10-29 11:47:39] Queue worker is running (1 process)
✓ [2025-10-29 11:47:50] Queue worker is running (1 process)
✓ [2025-10-29 11:48:00] Queue worker is running (1 process)
✓ [2025-10-29 11:48:10] Queue worker is running (1 process)
✓ [2025-10-29 11:48:20] Queue worker is running (1 process)
✓ [2025-10-29 11:48:30] Queue worker is running (1 process)
✓ [2025-10-29 11:48:40] Queue worker is running (1 process)
✓ [2025-10-29 11:48:50] Queue worker is running (1 process)
✓ [2025-10-29 11:49:00] Queue worker is running (1 process)
✓ [2025-10-29 11:49:10] Queue worker is running (1 process)
✓ [2025-10-29 11:49:20] Queue worker is running (1 process)
✓ [2025-10-29 11:49:30] Queue worker is running (1 process)
✓ [2025-10-29 11:49:40] Queue worker is running (1 process)
✓ [2025-10-29 11:49:51] Queue worker is running (1 process)
✓ [2025-10-29 11:50:01] Queue worker is running (1 process)
✓ [2025-10-29 11:50:11] Queue worker is running (1 process)
✓ [2025-10-29 11:50:21] Queue worker is running (1 process)
✓ [2025-10-29 11:50:31] Queue worker is running (1 process)
✓ [2025-10-29 11:50:41] Queue worker is running (1 process)
✓ [2025-10-29 11:50:51] Queue worker is running (1 process)
✓ [2025-10-29 11:51:01] Queue worker is running (1 process)
✓ [2025-10-29 11:51:11] Queue worker is running (1 process)
✓ [2025-10-29 11:51:21] Queue worker is running (1 process)
✓ [2025-10-29 11:51:31] Queue worker is running (1 process)
✓ [2025-10-29 11:51:41] Queue worker is running (1 process)
✓ [2025-10-29 11:51:51] Queue worker is running (1 process)
✓ [2025-10-29 11:52:02] Queue worker is running (1 process)
✓ [2025-10-29 11:52:12] Queue worker is running (1 process)
✓ [2025-10-29 11:52:22] Queue worker is running (1 process)
✓ [2025-10-29 11:52:32] Queue worker is running (1 process)
✓ [2025-10-29 11:52:42] Queue worker is running (1 process)
✓ [2025-10-29 11:52:52] Queue worker is running (1 process)
✓ [2025-10-29 11:53:02] Queue worker is running (1 process)
✓ [2025-10-29 11:53:12] Queue worker is running (1 process)
✓ [2025-10-29 11:53:22] Queue worker is running (1 process)
✓ [2025-10-29 11:53:32] Queue worker is running (1 process)
✓ [2025-10-29 11:53:42] Queue worker is running (1 process)
✓ [2025-10-29 11:53:52] Queue worker is running (1 process)
✓ [2025-10-29 11:54:03] Queue worker is running (1 process)
✓ [2025-10-29 11:54:13] Queue worker is running (1 process)
✓ [2025-10-29 11:54:23] Queue worker is running (1 process)
✓ [2025-10-29 11:54:33] Queue worker is running (1 process)
✓ [2025-10-29 11:54:43] Queue worker is running (1 process)
✓ [2025-10-29 11:54:53] Queue worker is running (1 process)
✓ [2025-10-29 11:55:03] Queue worker is running (1 process)
✓ [2025-10-29 11:55:13] Queue worker is running (1 process)
✓ [2025-10-29 11:55:23] Queue worker is running (1 process)
✓ [2025-10-29 11:55:33] Queue worker is running (1 process)
✓ [2025-10-29 11:55:43] Queue worker is running (1 process)
✓ [2025-10-29 11:55:53] Queue worker is running (1 process)
✓ [2025-10-29 11:56:03] Queue worker is running (1 process)
✓ [2025-10-29 11:56:14] Queue worker is running (1 process)
✓ [2025-10-29 11:56:24] Queue worker is running (1 process)
✓ [2025-10-29 11:56:34] Queue worker is running (1 process)
✓ [2025-10-29 11:56:44] Queue worker is running (1 process)
✓ [2025-10-29 11:56:54] Queue worker is running (1 process)
✓ [2025-10-29 11:57:04] Queue worker is running (1 process)
✓ [2025-10-29 11:57:14] Queue worker is running (1 process)
✓ [2025-10-29 11:57:24] Queue worker is running (1 process)
✓ [2025-10-29 11:57:34] Queue worker is running (1 process)
✓ [2025-10-29 11:57:44] Queue worker is running (1 process)
✓ [2025-10-29 11:57:54] Queue worker is running (1 process)
✓ [2025-10-29 11:58:05] Queue worker is running (1 process)
✓ [2025-10-29 11:58:15] Queue worker is running (1 process)
✓ [2025-10-29 11:58:25] Queue worker is running (1 process)
✓ [2025-10-29 11:58:35] Queue worker is running (1 process)
✓ [2025-10-29 11:58:45] Queue worker is running (1 process)
✓ [2025-10-29 11:58:55] Queue worker is running (1 process)
✓ [2025-10-29 11:59:05] Queue worker is running (1 process)
✓ [2025-10-29 11:59:15] Queue worker is running (1 process)
✓ [2025-10-29 11:59:25] Queue worker is running (1 process)
✓ [2025-10-29 11:59:35] Queue worker is running (1 process)
✓ [2025-10-29 11:59:45] Queue worker is running (1 process)
✓ [2025-10-29 11:59:55] Queue worker is running (1 process)
✓ [2025-10-29 12:00:06] Queue worker is running (1 process)
✓ [2025-10-29 12:00:16] Queue worker is running (1 process)
✓ [2025-10-29 12:00:26] Queue worker is running (1 process)
✓ [2025-10-29 12:00:36] Queue worker is running (1 process)
✓ [2025-10-29 12:00:46] Queue worker is running (1 process)
✓ [2025-10-29 12:00:56] Queue worker is running (1 process)
✓ [2025-10-29 12:01:06] Queue worker is running (1 process)
✓ [2025-10-29 12:01:16] Queue worker is running (1 process)
✓ [2025-10-29 12:01:26] Queue worker is running (1 process)
✓ [2025-10-29 12:01:36] Queue worker is running (1 process)
✓ [2025-10-29 12:01:46] Queue worker is running (1 process)
✓ [2025-10-29 12:01:57] Queue worker is running (1 process)
✓ [2025-10-29 12:02:07] Queue worker is running (1 process)
✓ [2025-10-29 12:02:17] Queue worker is running (1 process)
✓ [2025-10-29 12:02:27] Queue worker is running (1 process)
✓ [2025-10-29 12:02:37] Queue worker is running (1 process)
✓ [2025-10-29 12:02:47] Queue worker is running (1 process)
✓ [2025-10-29 12:02:57] Queue worker is running (1 process)
✓ [2025-10-29 12:03:07] Queue worker is running (1 process)
✓ [2025-10-29 12:03:17] Queue worker is running (1 process)
✓ [2025-10-29 12:03:27] Queue worker is running (1 process)
✓ [2025-10-29 12:03:37] Queue worker is running (1 process)
✓ [2025-10-29 12:03:48] Queue worker is running (1 process)
✓ [2025-10-29 12:03:58] Queue worker is running (1 process)
✓ [2025-10-29 12:04:08] Queue worker is running (1 process)
✓ [2025-10-29 12:04:18] Queue worker is running (1 process)
✓ [2025-10-29 12:04:28] Queue worker is running (1 process)
✓ [2025-10-29 12:04:38] Queue worker is running (1 process)
✓ [2025-10-29 12:04:48] Queue worker is running (1 process)
✓ [2025-10-29 12:20:35] Queue worker is running (1 process)
✓ [2025-10-29 12:20:45] Queue worker is running (1 process)
✓ [2025-10-29 12:20:55] Queue worker is running (1 process)
✓ [2025-10-29 12:21:05] Queue worker is running (1 process)
✓ [2025-10-29 12:21:15] Queue worker is running (1 process)
✓ [2025-10-29 12:21:25] Queue worker is running (1 process)
✓ [2025-10-29 12:21:35] Queue worker is running (1 process)
✓ [2025-10-29 12:21:45] Queue worker is running (1 process)
✓ [2025-10-29 12:21:55] Queue worker is running (1 process)
✓ [2025-10-29 12:22:05] Queue worker is running (1 process)
✓ [2025-10-29 12:22:15] Queue worker is running (1 process)
✓ [2025-10-29 12:22:26] Queue worker is running (1 process)
✓ [2025-10-29 12:22:36] Queue worker is running (1 process)
✓ [2025-10-29 12:22:46] Queue worker is running (1 process)
✓ [2025-10-29 12:22:56] Queue worker is running (1 process)
✓ [2025-10-29 12:23:06] Queue worker is running (1 process)
✓ [2025-10-29 12:23:16] Queue worker is running (1 process)
✓ [2025-10-29 12:23:26] Queue worker is running (1 process)
✓ [2025-10-29 12:23:36] Queue worker is running (1 process)
✓ [2025-10-29 12:23:46] Queue worker is running (1 process)
✓ [2025-10-29 12:23:56] Queue worker is running (1 process)
✓ [2025-10-29 12:24:06] Queue worker is running (1 process)
✓ [2025-10-29 12:24:17] Queue worker is running (1 process)
✓ [2025-10-29 12:24:27] Queue worker is running (1 process)
./monitor-queue.sh: line 33: 31211 Killed: 9               nohup php artisan queue:work --queue=image-processing,default --tries=3 > storage/logs/queue-worker.log 2>&1
⚠️  [2025-10-29 12:24:37] Queue worker not running! Starting...
✅ [2025-10-29 12:24:37] Queue worker started with PID: 33615
✓ [2025-10-29 12:24:47] Queue worker is running (1 process)
✓ [2025-10-29 12:24:57] Queue worker is running (1 process)
✓ [2025-10-29 12:25:07] Queue worker is running (1 process)
✓ [2025-10-29 12:25:17] Queue worker is running (1 process)
✓ [2025-10-29 12:25:27] Queue worker is running (1 process)
✓ [2025-10-29 12:25:37] Queue worker is running (1 process)
✓ [2025-10-29 12:25:47] Queue worker is running (1 process)
./monitor-queue.sh: line 33: 33615 Killed: 9               nohup php artisan queue:work --queue=image-processing,default --tries=3 > storage/logs/queue-worker.log 2>&1
⚠️  [2025-10-29 12:25:57] Queue worker not running! Starting...
✅ [2025-10-29 12:25:57] Queue worker started with PID: 33756
✓ [2025-10-29 12:26:07] Queue worker is running (1 process)
✓ [2025-10-29 12:26:18] Queue worker is running (1 process)
✓ [2025-10-29 12:26:28] Queue worker is running (1 process)
✓ [2025-10-29 12:26:38] Queue worker is running (1 process)
✓ [2025-10-29 12:26:48] Queue worker is running (1 process)
✓ [2025-10-29 12:26:58] Queue worker is running (1 process)
✓ [2025-10-29 12:27:08] Queue worker is running (1 process)
✓ [2025-10-29 12:27:18] Queue worker is running (1 process)
✓ [2025-10-29 12:27:28] Queue worker is running (1 process)
✓ [2025-10-29 12:27:38] Queue worker is running (1 process)
✓ [2025-10-29 12:27:48] Queue worker is running (1 process)
✓ [2025-10-29 12:27:58] Queue worker is running (1 process)
✓ [2025-10-29 12:28:08] Queue worker is running (1 process)
✓ [2025-10-29 12:28:19] Queue worker is running (1 process)
✓ [2025-10-29 12:28:29] Queue worker is running (1 process)
✓ [2025-10-29 12:28:39] Queue worker is running (1 process)
✓ [2025-10-29 12:28:49] Queue worker is running (1 process)
✓ [2025-10-29 12:28:59] Queue worker is running (1 process)
✓ [2025-10-29 12:29:09] Queue worker is running (1 process)
✓ [2025-10-29 12:29:19] Queue worker is running (1 process)
✓ [2025-10-29 12:29:29] Queue worker is running (1 process)
✓ [2025-10-29 12:29:39] Queue worker is running (1 process)
✓ [2025-10-29 12:29:49] Queue worker is running (1 process)
✓ [2025-10-29 12:29:59] Queue worker is running (1 process)
✓ [2025-10-29 12:30:09] Queue worker is running (1 process)
✓ [2025-10-29 12:30:20] Queue worker is running (1 process)
✓ [2025-10-29 12:30:30] Queue worker is running (1 process)
✓ [2025-10-29 12:30:40] Queue worker is running (1 process)
✓ [2025-10-29 12:30:50] Queue worker is running (1 process)
✓ [2025-10-29 12:31:00] Queue worker is running (1 process)
✓ [2025-10-29 12:31:10] Queue worker is running (1 process)
✓ [2025-10-29 12:31:20] Queue worker is running (1 process)
✓ [2025-10-29 12:31:30] Queue worker is running (1 process)
✓ [2025-10-29 12:31:40] Queue worker is running (1 process)
✓ [2025-10-29 12:31:50] Queue worker is running (1 process)
✓ [2025-10-29 12:32:00] Queue worker is running (1 process)
✓ [2025-10-29 12:32:11] Queue worker is running (1 process)
✓ [2025-10-29 12:32:21] Queue worker is running (1 process)
✓ [2025-10-29 12:32:31] Queue worker is running (1 process)
✓ [2025-10-29 12:32:41] Queue worker is running (1 process)
✓ [2025-10-29 12:32:51] Queue worker is running (1 process)
✓ [2025-10-29 12:33:01] Queue worker is running (1 process)
✓ [2025-10-29 12:33:11] Queue worker is running (1 process)
✓ [2025-10-29 12:33:21] Queue worker is running (1 process)
✓ [2025-10-29 12:33:31] Queue worker is running (1 process)
✓ [2025-10-29 12:33:41] Queue worker is running (1 process)
✓ [2025-10-29 12:33:51] Queue worker is running (1 process)
✓ [2025-10-29 12:34:01] Queue worker is running (1 process)
✓ [2025-10-29 12:34:12] Queue worker is running (1 process)
✓ [2025-10-29 12:34:22] Queue worker is running (1 process)
✓ [2025-10-29 12:34:32] Queue worker is running (1 process)
✓ [2025-10-29 12:34:42] Queue worker is running (1 process)
✓ [2025-10-29 12:34:52] Queue worker is running (1 process)
✓ [2025-10-29 12:35:02] Queue worker is running (1 process)
✓ [2025-10-29 12:35:12] Queue worker is running (1 process)
✓ [2025-10-29 12:35:22] Queue worker is running (1 process)
✓ [2025-10-29 12:35:32] Queue worker is running (1 process)
✓ [2025-10-29 12:35:42] Queue worker is running (1 process)
✓ [2025-10-29 12:35:52] Queue worker is running (1 process)
✓ [2025-10-29 12:36:02] Queue worker is running (1 process)
✓ [2025-10-29 12:36:12] Queue worker is running (1 process)
✓ [2025-10-29 12:36:23] Queue worker is running (1 process)
✓ [2025-10-29 12:36:33] Queue worker is running (1 process)
✓ [2025-10-29 12:36:43] Queue worker is running (1 process)
✓ [2025-10-29 12:36:53] Queue worker is running (1 process)
✓ [2025-10-29 12:37:03] Queue worker is running (1 process)
✓ [2025-10-29 12:37:13] Queue worker is running (1 process)
✓ [2025-10-29 12:37:23] Queue worker is running (1 process)
✓ [2025-10-29 12:37:33] Queue worker is running (1 process)
✓ [2025-10-29 12:37:43] Queue worker is running (1 process)
✓ [2025-10-29 12:37:53] Queue worker is running (1 process)
✓ [2025-10-29 12:38:03] Queue worker is running (1 process)
✓ [2025-10-29 12:38:13] Queue worker is running (1 process)
✓ [2025-10-29 12:38:23] Queue worker is running (1 process)
✓ [2025-10-29 12:38:33] Queue worker is running (1 process)
✓ [2025-10-29 12:38:43] Queue worker is running (1 process)
✓ [2025-10-29 12:38:54] Queue worker is running (1 process)
✓ [2025-10-29 12:39:04] Queue worker is running (1 process)
✓ [2025-10-29 12:39:14] Queue worker is running (1 process)
✓ [2025-10-29 12:39:24] Queue worker is running (1 process)
✓ [2025-10-29 12:39:34] Queue worker is running (1 process)
✓ [2025-10-29 12:39:44] Queue worker is running (1 process)
✓ [2025-10-29 12:39:54] Queue worker is running (1 process)
✓ [2025-10-29 12:40:04] Queue worker is running (1 process)
✓ [2025-10-29 12:40:14] Queue worker is running (1 process)
✓ [2025-10-29 12:40:24] Queue worker is running (1 process)
✓ [2025-10-29 12:40:34] Queue worker is running (1 process)
✓ [2025-10-29 12:40:45] Queue worker is running (1 process)
✓ [2025-10-29 12:40:55] Queue worker is running (1 process)
✓ [2025-10-29 12:41:05] Queue worker is running (1 process)
✓ [2025-10-29 12:41:15] Queue worker is running (1 process)
✓ [2025-10-29 12:41:25] Queue worker is running (1 process)
✓ [2025-10-29 12:41:35] Queue worker is running (1 process)
✓ [2025-10-29 12:41:45] Queue worker is running (1 process)
✓ [2025-10-29 12:41:55] Queue worker is running (1 process)
✓ [2025-10-29 12:42:05] Queue worker is running (1 process)
✓ [2025-10-29 12:42:15] Queue worker is running (1 process)
✓ [2025-10-29 12:42:25] Queue worker is running (1 process)
✓ [2025-10-29 12:42:36] Queue worker is running (1 process)
✓ [2025-10-29 12:42:46] Queue worker is running (1 process)
✓ [2025-10-29 12:42:56] Queue worker is running (1 process)
✓ [2025-10-29 12:43:06] Queue worker is running (1 process)
✓ [2025-10-29 12:43:16] Queue worker is running (1 process)
✓ [2025-10-29 12:43:26] Queue worker is running (1 process)
✓ [2025-10-29 12:43:36] Queue worker is running (1 process)
✓ [2025-10-29 12:43:46] Queue worker is running (1 process)
✓ [2025-10-29 12:43:56] Queue worker is running (1 process)
✓ [2025-10-29 12:44:06] Queue worker is running (1 process)
✓ [2025-10-29 12:44:16] Queue worker is running (1 process)
✓ [2025-10-29 12:44:26] Queue worker is running (1 process)
✓ [2025-10-29 12:44:37] Queue worker is running (1 process)
✓ [2025-10-29 12:44:47] Queue worker is running (1 process)
✓ [2025-10-29 12:44:57] Queue worker is running (1 process)
✓ [2025-10-29 12:45:07] Queue worker is running (1 process)
✓ [2025-10-29 12:45:17] Queue worker is running (1 process)
✓ [2025-10-29 12:45:27] Queue worker is running (1 process)
✓ [2025-10-29 12:45:37] Queue worker is running (1 process)
✓ [2025-10-29 12:45:47] Queue worker is running (1 process)
✓ [2025-10-29 12:45:57] Queue worker is running (1 process)
✓ [2025-10-29 12:46:07] Queue worker is running (1 process)
✓ [2025-10-29 12:46:17] Queue worker is running (1 process)
✓ [2025-10-29 12:46:27] Queue worker is running (1 process)
✓ [2025-10-29 12:46:37] Queue worker is running (1 process)
✓ [2025-10-29 12:46:48] Queue worker is running (1 process)
✓ [2025-10-29 12:46:58] Queue worker is running (1 process)
✓ [2025-10-29 12:47:08] Queue worker is running (1 process)
✓ [2025-10-29 12:47:18] Queue worker is running (1 process)
✓ [2025-10-29 12:47:28] Queue worker is running (1 process)
✓ [2025-10-29 12:47:38] Queue worker is running (1 process)
✓ [2025-10-29 12:47:48] Queue worker is running (1 process)
✓ [2025-10-29 12:47:58] Queue worker is running (1 process)
✓ [2025-10-29 12:48:08] Queue worker is running (1 process)
✓ [2025-10-29 12:48:18] Queue worker is running (1 process)
✓ [2025-10-29 12:48:28] Queue worker is running (1 process)
✓ [2025-10-29 12:48:38] Queue worker is running (1 process)
✓ [2025-10-29 12:48:49] Queue worker is running (1 process)
✓ [2025-10-29 12:48:59] Queue worker is running (1 process)
✓ [2025-10-29 12:49:09] Queue worker is running (1 process)
✓ [2025-10-29 12:49:19] Queue worker is running (1 process)
✓ [2025-10-29 12:49:29] Queue worker is running (1 process)
✓ [2025-10-29 12:49:39] Queue worker is running (1 process)
✓ [2025-10-29 12:49:49] Queue worker is running (1 process)
✓ [2025-10-29 12:49:59] Queue worker is running (1 process)
✓ [2025-10-29 12:50:09] Queue worker is running (1 process)
✓ [2025-10-29 12:50:19] Queue worker is running (1 process)
✓ [2025-10-29 12:50:29] Queue worker is running (1 process)
✓ [2025-10-29 12:50:39] Queue worker is running (1 process)
✓ [2025-10-29 12:50:49] Queue worker is running (1 process)
✓ [2025-10-29 12:51:00] Queue worker is running (1 process)
✓ [2025-10-29 12:51:10] Queue worker is running (1 process)
✓ [2025-10-29 12:51:20] Queue worker is running (1 process)
✓ [2025-10-29 12:51:30] Queue worker is running (1 process)
✓ [2025-10-29 12:51:40] Queue worker is running (1 process)
✓ [2025-10-29 12:51:50] Queue worker is running (1 process)
✓ [2025-10-29 12:52:00] Queue worker is running (1 process)
✓ [2025-10-29 12:52:10] Queue worker is running (1 process)
✓ [2025-10-29 12:52:20] Queue worker is running (1 process)
✓ [2025-10-29 12:52:30] Queue worker is running (1 process)
✓ [2025-10-29 12:52:40] Queue worker is running (1 process)
✓ [2025-10-29 12:52:51] Queue worker is running (1 process)
✓ [2025-10-29 12:53:01] Queue worker is running (1 process)
✓ [2025-10-29 12:53:11] Queue worker is running (1 process)
✓ [2025-10-29 12:53:21] Queue worker is running (1 process)
✓ [2025-10-29 12:53:31] Queue worker is running (1 process)
✓ [2025-10-29 12:53:41] Queue worker is running (1 process)
✓ [2025-10-29 12:53:51] Queue worker is running (1 process)
./monitor-queue.sh: line 33: 33756 Killed: 9               nohup php artisan queue:work --queue=image-processing,default --tries=3 > storage/logs/queue-worker.log 2>&1
⚠️  [2025-10-29 12:54:01] Queue worker not running! Starting...
✅ [2025-10-29 12:54:01] Queue worker started with PID: 38679
✓ [2025-10-29 12:54:11] Queue worker is running (1 process)
✓ [2025-10-29 12:54:21] Queue worker is running (1 process)
✓ [2025-10-29 12:54:31] Queue worker is running (1 process)
✓ [2025-10-29 12:54:42] Queue worker is running (1 process)
✓ [2025-10-29 12:54:52] Queue worker is running (1 process)
✓ [2025-10-29 12:55:02] Queue worker is running (1 process)
✓ [2025-10-29 12:55:12] Queue worker is running (1 process)
✓ [2025-10-29 12:55:22] Queue worker is running (1 process)
✓ [2025-10-29 12:55:32] Queue worker is running (1 process)
✓ [2025-10-29 12:55:42] Queue worker is running (1 process)
✓ [2025-10-29 12:55:52] Queue worker is running (1 process)
✓ [2025-10-29 12:56:02] Queue worker is running (1 process)
✓ [2025-10-29 12:56:12] Queue worker is running (1 process)
✓ [2025-10-29 12:56:22] Queue worker is running (1 process)
✓ [2025-10-29 12:56:32] Queue worker is running (1 process)
✓ [2025-10-29 12:56:43] Queue worker is running (1 process)
✓ [2025-10-29 12:56:53] Queue worker is running (1 process)
✓ [2025-10-29 12:57:03] Queue worker is running (1 process)
✓ [2025-10-29 12:57:13] Queue worker is running (1 process)
✓ [2025-10-29 12:57:23] Queue worker is running (1 process)
✓ [2025-10-29 12:57:33] Queue worker is running (1 process)
✓ [2025-10-29 12:57:43] Queue worker is running (1 process)
✓ [2025-10-29 12:57:53] Queue worker is running (1 process)
✓ [2025-10-29 12:58:03] Queue worker is running (1 process)
✓ [2025-10-29 12:58:13] Queue worker is running (1 process)
✓ [2025-10-29 12:58:23] Queue worker is running (1 process)
✓ [2025-10-29 12:58:33] Queue worker is running (1 process)
✓ [2025-10-29 12:58:43] Queue worker is running (1 process)
✓ [2025-10-29 12:58:53] Queue worker is running (1 process)
✓ [2025-10-29 12:59:04] Queue worker is running (1 process)
✓ [2025-10-29 12:59:14] Queue worker is running (1 process)
✓ [2025-10-29 12:59:24] Queue worker is running (1 process)
✓ [2025-10-29 12:59:34] Queue worker is running (1 process)
✓ [2025-10-29 12:59:44] Queue worker is running (1 process)
✓ [2025-10-29 12:59:54] Queue worker is running (1 process)
✓ [2025-10-29 13:00:04] Queue worker is running (1 process)
✓ [2025-10-29 13:00:14] Queue worker is running (1 process)
✓ [2025-10-29 13:00:24] Queue worker is running (1 process)
✓ [2025-10-29 13:00:34] Queue worker is running (1 process)
✓ [2025-10-29 13:00:44] Queue worker is running (1 process)
✓ [2025-10-29 13:00:54] Queue worker is running (1 process)
✓ [2025-10-29 13:01:05] Queue worker is running (1 process)
./monitor-queue.sh: line 33: 38679 Killed: 9               nohup php artisan queue:work --queue=image-processing,default --tries=3 > storage/logs/queue-worker.log 2>&1
⚠️  [2025-10-29 13:01:15] Queue worker not running! Starting...
✅ [2025-10-29 13:01:15] Queue worker started with PID: 39691
✓ [2025-10-29 13:01:25] Queue worker is running (1 process)
✓ [2025-10-29 13:01:35] Queue worker is running (1 process)
✓ [2025-10-29 13:01:45] Queue worker is running (1 process)
✓ [2025-10-29 13:01:55] Queue worker is running (1 process)
✓ [2025-10-29 13:02:05] Queue worker is running (1 process)
✓ [2025-10-29 13:02:15] Queue worker is running (1 process)
✓ [2025-10-29 13:02:25] Queue worker is running (1 process)
✓ [2025-10-29 13:02:35] Queue worker is running (1 process)
✓ [2025-10-29 13:02:45] Queue worker is running (1 process)
✓ [2025-10-29 13:02:56] Queue worker is running (1 process)
✓ [2025-10-29 13:03:06] Queue worker is running (1 process)
✓ [2025-10-29 13:03:16] Queue worker is running (1 process)
✓ [2025-10-29 13:03:26] Queue worker is running (1 process)
✓ [2025-10-29 13:03:36] Queue worker is running (1 process)
✓ [2025-10-29 13:03:46] Queue worker is running (1 process)
✓ [2025-10-29 13:03:56] Queue worker is running (1 process)
✓ [2025-10-29 13:04:06] Queue worker is running (1 process)
✓ [2025-10-29 13:04:16] Queue worker is running (1 process)
✓ [2025-10-29 13:04:26] Queue worker is running (1 process)
✓ [2025-10-29 13:04:36] Queue worker is running (1 process)
✓ [2025-10-29 13:04:46] Queue worker is running (1 process)
✓ [2025-10-29 13:04:57] Queue worker is running (1 process)
✓ [2025-10-29 13:05:07] Queue worker is running (1 process)
✓ [2025-10-29 13:05:17] Queue worker is running (1 process)
✓ [2025-10-29 13:05:27] Queue worker is running (1 process)
✓ [2025-10-29 13:05:37] Queue worker is running (1 process)
✓ [2025-10-29 13:05:47] Queue worker is running (1 process)
✓ [2025-10-29 13:05:57] Queue worker is running (1 process)
✓ [2025-10-29 13:06:07] Queue worker is running (1 process)
✓ [2025-10-29 13:06:17] Queue worker is running (1 process)
✓ [2025-10-29 13:06:27] Queue worker is running (1 process)
✓ [2025-10-29 13:06:37] Queue worker is running (1 process)
✓ [2025-10-29 13:06:48] Queue worker is running (1 process)
✓ [2025-10-29 13:06:58] Queue worker is running (1 process)
✓ [2025-10-29 13:07:08] Queue worker is running (1 process)
✓ [2025-10-29 13:07:18] Queue worker is running (1 process)
✓ [2025-10-29 13:07:28] Queue worker is running (1 process)
✓ [2025-10-29 13:07:38] Queue worker is running (1 process)
✓ [2025-10-29 13:07:48] Queue worker is running (1 process)
✓ [2025-10-29 13:07:58] Queue worker is running (1 process)
✓ [2025-10-29 13:08:08] Queue worker is running (1 process)
✓ [2025-10-29 13:08:18] Queue worker is running (1 process)
✓ [2025-10-29 13:08:28] Queue worker is running (1 process)
✓ [2025-10-29 13:08:38] Queue worker is running (1 process)
✓ [2025-10-29 13:08:49] Queue worker is running (1 process)
✓ [2025-10-29 13:08:59] Queue worker is running (1 process)
✓ [2025-10-29 13:09:09] Queue worker is running (1 process)
✓ [2025-10-29 13:09:19] Queue worker is running (1 process)
✓ [2025-10-29 13:09:29] Queue worker is running (1 process)
✓ [2025-10-29 13:09:39] Queue worker is running (1 process)
✓ [2025-10-29 13:09:49] Queue worker is running (1 process)
✓ [2025-10-29 13:09:59] Queue worker is running (1 process)
✓ [2025-10-29 13:10:09] Queue worker is running (1 process)
✓ [2025-10-29 13:10:19] Queue worker is running (1 process)
✓ [2025-10-29 13:10:29] Queue worker is running (1 process)
✓ [2025-10-29 13:10:40] Queue worker is running (1 process)
✓ [2025-10-29 13:10:50] Queue worker is running (1 process)
✓ [2025-10-29 13:11:00] Queue worker is running (1 process)
✓ [2025-10-29 13:11:10] Queue worker is running (1 process)
✓ [2025-10-29 13:11:20] Queue worker is running (1 process)
✓ [2025-10-29 13:11:30] Queue worker is running (1 process)
✓ [2025-10-29 13:11:40] Queue worker is running (1 process)
✓ [2025-10-29 13:11:50] Queue worker is running (1 process)
✓ [2025-10-29 13:12:00] Queue worker is running (1 process)
✓ [2025-10-29 13:12:10] Queue worker is running (1 process)
✓ [2025-10-29 13:12:20] Queue worker is running (1 process)
✓ [2025-10-29 13:12:31] Queue worker is running (1 process)
✓ [2025-10-29 13:12:41] Queue worker is running (1 process)
✓ [2025-10-29 13:12:51] Queue worker is running (1 process)
✓ [2025-10-29 13:13:01] Queue worker is running (1 process)
✓ [2025-10-29 13:13:11] Queue worker is running (1 process)
✓ [2025-10-29 13:13:21] Queue worker is running (1 process)
✓ [2025-10-29 13:13:31] Queue worker is running (1 process)
✓ [2025-10-29 13:13:41] Queue worker is running (1 process)
✓ [2025-10-29 13:13:51] Queue worker is running (1 process)
✓ [2025-10-29 13:14:01] Queue worker is running (1 process)
✓ [2025-10-29 13:14:11] Queue worker is running (1 process)
✓ [2025-10-29 13:14:22] Queue worker is running (1 process)
✓ [2025-10-29 13:14:32] Queue worker is running (1 process)
✓ [2025-10-29 13:14:42] Queue worker is running (1 process)
✓ [2025-10-29 13:14:52] Queue worker is running (1 process)
✓ [2025-10-29 13:15:02] Queue worker is running (1 process)
✓ [2025-10-29 13:15:12] Queue worker is running (1 process)
✓ [2025-10-29 13:15:22] Queue worker is running (1 process)
✓ [2025-10-29 13:15:32] Queue worker is running (1 process)
✓ [2025-10-29 13:15:42] Queue worker is running (1 process)
✓ [2025-10-29 13:15:52] Queue worker is running (1 process)
✓ [2025-10-29 13:16:02] Queue worker is running (1 process)
✓ [2025-10-29 13:16:13] Queue worker is running (1 process)
✓ [2025-10-29 13:16:23] Queue worker is running (1 process)
✓ [2025-10-29 13:16:33] Queue worker is running (1 process)
✓ [2025-10-29 13:16:43] Queue worker is running (1 process)
✓ [2025-10-29 13:16:53] Queue worker is running (1 process)
✓ [2025-10-29 13:17:03] Queue worker is running (1 process)
✓ [2025-10-29 13:17:13] Queue worker is running (1 process)
✓ [2025-10-29 13:17:23] Queue worker is running (1 process)
✓ [2025-10-29 13:17:33] Queue worker is running (1 process)
✓ [2025-10-29 13:17:43] Queue worker is running (1 process)
✓ [2025-10-29 13:17:53] Queue worker is running (1 process)
✓ [2025-10-29 13:18:03] Queue worker is running (1 process)
✓ [2025-10-29 13:18:14] Queue worker is running (1 process)
✓ [2025-10-29 13:18:24] Queue worker is running (1 process)
✓ [2025-10-29 13:18:34] Queue worker is running (1 process)
✓ [2025-10-29 13:18:44] Queue worker is running (1 process)
✓ [2025-10-29 13:18:54] Queue worker is running (1 process)
✓ [2025-10-29 13:19:04] Queue worker is running (1 process)
✓ [2025-10-29 13:19:14] Queue worker is running (1 process)
✓ [2025-10-29 13:19:24] Queue worker is running (1 process)
✓ [2025-10-29 13:19:34] Queue worker is running (1 process)
✓ [2025-10-29 13:19:44] Queue worker is running (1 process)
✓ [2025-10-29 13:19:54] Queue worker is running (1 process)
✓ [2025-10-29 13:20:04] Queue worker is running (1 process)
✓ [2025-10-29 13:20:15] Queue worker is running (1 process)
✓ [2025-10-29 13:20:25] Queue worker is running (1 process)
✓ [2025-10-29 13:20:35] Queue worker is running (1 process)
✓ [2025-10-29 13:20:45] Queue worker is running (1 process)
✓ [2025-10-29 13:20:55] Queue worker is running (1 process)
✓ [2025-10-29 13:21:05] Queue worker is running (1 process)
✓ [2025-10-29 13:21:15] Queue worker is running (1 process)
✓ [2025-10-29 13:21:25] Queue worker is running (1 process)
✓ [2025-10-29 13:21:35] Queue worker is running (1 process)
✓ [2025-10-29 13:21:45] Queue worker is running (1 process)
✓ [2025-10-29 13:21:55] Queue worker is running (1 process)
✓ [2025-10-29 13:22:05] Queue worker is running (1 process)
✓ [2025-10-29 13:22:15] Queue worker is running (1 process)
✓ [2025-10-29 13:22:26] Queue worker is running (1 process)
✓ [2025-10-29 13:22:36] Queue worker is running (1 process)
✓ [2025-10-29 13:22:46] Queue worker is running (1 process)
✓ [2025-10-29 13:22:56] Queue worker is running (1 process)
✓ [2025-10-29 13:23:06] Queue worker is running (1 process)
✓ [2025-10-29 13:23:16] Queue worker is running (1 process)
✓ [2025-10-29 13:23:26] Queue worker is running (1 process)
✓ [2025-10-29 13:23:36] Queue worker is running (1 process)
✓ [2025-10-29 13:23:46] Queue worker is running (1 process)
✓ [2025-10-29 13:23:56] Queue worker is running (1 process)
✓ [2025-10-29 13:24:06] Queue worker is running (1 process)
✓ [2025-10-29 13:24:17] Queue worker is running (1 process)
✓ [2025-10-29 13:24:27] Queue worker is running (1 process)
✓ [2025-10-29 13:24:37] Queue worker is running (1 process)
✓ [2025-10-29 13:24:47] Queue worker is running (1 process)
✓ [2025-10-29 13:24:57] Queue worker is running (1 process)
✓ [2025-10-29 13:25:07] Queue worker is running (1 process)
✓ [2025-10-29 13:25:17] Queue worker is running (1 process)
✓ [2025-10-29 13:25:27] Queue worker is running (1 process)
✓ [2025-10-29 13:25:37] Queue worker is running (1 process)
✓ [2025-10-29 13:25:47] Queue worker is running (1 process)
✓ [2025-10-29 13:25:57] Queue worker is running (1 process)
✓ [2025-10-29 13:26:07] Queue worker is running (1 process)
✓ [2025-10-29 13:26:17] Queue worker is running (1 process)
✓ [2025-10-29 13:26:27] Queue worker is running (1 process)
✓ [2025-10-29 13:26:38] Queue worker is running (1 process)
✓ [2025-10-29 13:26:48] Queue worker is running (1 process)
✓ [2025-10-29 13:26:58] Queue worker is running (1 process)
✓ [2025-10-29 13:27:08] Queue worker is running (1 process)
✓ [2025-10-29 13:27:18] Queue worker is running (1 process)
✓ [2025-10-29 13:27:28] Queue worker is running (1 process)
✓ [2025-10-29 13:27:38] Queue worker is running (1 process)
✓ [2025-10-29 13:27:48] Queue worker is running (1 process)
✓ [2025-10-29 13:27:58] Queue worker is running (1 process)
✓ [2025-10-29 13:28:08] Queue worker is running (1 process)
✓ [2025-10-29 13:28:18] Queue worker is running (1 process)
✓ [2025-10-29 13:28:28] Queue worker is running (1 process)
✓ [2025-10-29 13:28:39] Queue worker is running (1 process)
✓ [2025-10-29 13:28:49] Queue worker is running (1 process)
./monitor-queue.sh: line 33: 39691 Killed: 9               nohup php artisan queue:work --queue=image-processing,default --tries=3 > storage/logs/queue-worker.log 2>&1
⚠️  [2025-10-29 13:28:59] Queue worker not running! Starting...
✅ [2025-10-29 13:28:59] Queue worker started with PID: 41990
✓ [2025-10-29 13:29:09] Queue worker is running (1 process)
✓ [2025-10-29 13:29:19] Queue worker is running (1 process)
✓ [2025-10-29 13:29:29] Queue worker is running (1 process)
✓ [2025-10-29 13:29:39] Queue worker is running (1 process)
✓ [2025-10-29 13:29:49] Queue worker is running (1 process)
✓ [2025-10-29 13:29:59] Queue worker is running (1 process)
✓ [2025-10-29 13:30:09] Queue worker is running (1 process)
✓ [2025-10-29 13:30:19] Queue worker is running (1 process)
✓ [2025-10-29 13:30:30] Queue worker is running (1 process)
✓ [2025-10-29 13:30:40] Queue worker is running (1 process)
✓ [2025-10-29 13:30:50] Queue worker is running (1 process)
✓ [2025-10-29 13:31:00] Queue worker is running (1 process)
✓ [2025-10-29 13:31:10] Queue worker is running (1 process)
✓ [2025-10-29 13:31:20] Queue worker is running (1 process)
✓ [2025-10-29 13:31:30] Queue worker is running (1 process)
✓ [2025-10-29 13:31:40] Queue worker is running (1 process)
✓ [2025-10-29 13:31:50] Queue worker is running (1 process)
✓ [2025-10-29 13:32:00] Queue worker is running (1 process)
✓ [2025-10-29 13:32:10] Queue worker is running (1 process)
✓ [2025-10-29 13:32:20] Queue worker is running (1 process)
✓ [2025-10-29 13:32:31] Queue worker is running (1 process)
✓ [2025-10-29 13:32:41] Queue worker is running (1 process)
✓ [2025-10-29 13:32:51] Queue worker is running (1 process)
✓ [2025-10-29 13:33:01] Queue worker is running (1 process)
✓ [2025-10-29 13:33:11] Queue worker is running (1 process)
✓ [2025-10-29 13:33:21] Queue worker is running (1 process)
✓ [2025-10-29 13:33:31] Queue worker is running (1 process)
✓ [2025-10-29 13:33:41] Queue worker is running (1 process)
✓ [2025-10-29 13:33:51] Queue worker is running (1 process)
✓ [2025-10-29 13:34:01] Queue worker is running (1 process)
✓ [2025-10-29 13:34:11] Queue worker is running (1 process)
✓ [2025-10-29 13:34:21] Queue worker is running (1 process)
✓ [2025-10-29 13:34:31] Queue worker is running (1 process)
✓ [2025-10-29 13:34:42] Queue worker is running (1 process)
✓ [2025-10-29 13:34:52] Queue worker is running (1 process)
✓ [2025-10-29 13:35:02] Queue worker is running (1 process)
✓ [2025-10-29 13:35:12] Queue worker is running (1 process)
✓ [2025-10-29 13:35:22] Queue worker is running (1 process)
✓ [2025-10-29 13:35:32] Queue worker is running (1 process)
✓ [2025-10-29 13:35:42] Queue worker is running (1 process)
✓ [2025-10-29 13:35:52] Queue worker is running (1 process)
✓ [2025-10-29 13:36:02] Queue worker is running (1 process)
./monitor-queue.sh: line 33: 41990 Killed: 9               nohup php artisan queue:work --queue=image-processing,default --tries=3 > storage/logs/queue-worker.log 2>&1
⚠️  [2025-10-29 13:36:12] Queue worker not running! Starting...
✅ [2025-10-29 13:36:12] Queue worker started with PID: 42819
✓ [2025-10-29 13:36:22] Queue worker is running (1 process)
✓ [2025-10-29 13:36:33] Queue worker is running (1 process)
✓ [2025-10-29 13:36:43] Queue worker is running (1 process)
✓ [2025-10-29 13:36:53] Queue worker is running (1 process)
✓ [2025-10-29 13:37:03] Queue worker is running (1 process)
✓ [2025-10-29 13:37:13] Queue worker is running (1 process)
✓ [2025-10-29 13:37:23] Queue worker is running (1 process)
✓ [2025-10-29 13:37:33] Queue worker is running (1 process)
✓ [2025-10-29 13:37:43] Queue worker is running (1 process)
✓ [2025-10-29 13:37:53] Queue worker is running (1 process)
✓ [2025-10-29 13:38:03] Queue worker is running (1 process)
✓ [2025-10-29 13:38:13] Queue worker is running (1 process)
✓ [2025-10-29 13:38:23] Queue worker is running (1 process)
✓ [2025-10-29 13:38:34] Queue worker is running (1 process)
✓ [2025-10-29 13:38:44] Queue worker is running (1 process)
✓ [2025-10-29 13:38:54] Queue worker is running (1 process)
✓ [2025-10-29 13:39:04] Queue worker is running (1 process)
✓ [2025-10-29 13:39:14] Queue worker is running (1 process)
✓ [2025-10-29 13:39:24] Queue worker is running (1 process)
✓ [2025-10-29 13:39:34] Queue worker is running (1 process)
✓ [2025-10-29 13:39:44] Queue worker is running (1 process)
✓ [2025-10-29 13:39:54] Queue worker is running (1 process)
✓ [2025-10-29 13:40:04] Queue worker is running (1 process)
✓ [2025-10-29 13:40:14] Queue worker is running (1 process)
✓ [2025-10-29 13:40:24] Queue worker is running (1 process)
✓ [2025-10-29 13:40:34] Queue worker is running (1 process)
✓ [2025-10-29 13:40:44] Queue worker is running (1 process)
✓ [2025-10-29 13:40:55] Queue worker is running (1 process)
✓ [2025-10-29 13:41:05] Queue worker is running (1 process)
✓ [2025-10-29 13:41:15] Queue worker is running (1 process)
✓ [2025-10-29 13:41:25] Queue worker is running (1 process)
✓ [2025-10-29 13:41:35] Queue worker is running (1 process)
✓ [2025-10-29 13:41:45] Queue worker is running (1 process)
✓ [2025-10-29 13:41:55] Queue worker is running (1 process)
✓ [2025-10-29 13:42:05] Queue worker is running (1 process)
✓ [2025-10-29 13:42:15] Queue worker is running (1 process)
✓ [2025-10-29 13:42:25] Queue worker is running (1 process)
✓ [2025-10-29 13:42:35] Queue worker is running (1 process)
✓ [2025-10-29 13:42:45] Queue worker is running (1 process)
✓ [2025-10-29 13:42:55] Queue worker is running (1 process)
✓ [2025-10-29 13:43:05] Queue worker is running (1 process)
✓ [2025-10-29 13:43:15] Queue worker is running (1 process)
✓ [2025-10-29 13:43:25] Queue worker is running (1 process)
✓ [2025-10-29 13:43:36] Queue worker is running (1 process)
✓ [2025-10-29 13:43:46] Queue worker is running (1 process)
✓ [2025-10-29 13:43:56] Queue worker is running (1 process)
✓ [2025-10-29 13:44:06] Queue worker is running (1 process)
✓ [2025-10-29 13:44:16] Queue worker is running (1 process)
✓ [2025-10-29 13:44:26] Queue worker is running (1 process)
✓ [2025-10-29 13:44:36] Queue worker is running (1 process)
✓ [2025-10-29 13:44:46] Queue worker is running (1 process)
✓ [2025-10-29 13:44:56] Queue worker is running (1 process)
✓ [2025-10-29 13:45:06] Queue worker is running (1 process)
✓ [2025-10-29 13:45:16] Queue worker is running (1 process)
✓ [2025-10-29 13:45:26] Queue worker is running (1 process)
✓ [2025-10-29 13:45:37] Queue worker is running (1 process)
✓ [2025-10-29 13:45:47] Queue worker is running (1 process)
✓ [2025-10-29 13:45:57] Queue worker is running (1 process)
✓ [2025-10-29 13:46:07] Queue worker is running (1 process)
✓ [2025-10-29 13:46:17] Queue worker is running (1 process)
✓ [2025-10-29 13:46:27] Queue worker is running (1 process)
✓ [2025-10-29 13:46:37] Queue worker is running (1 process)
✓ [2025-10-29 13:46:47] Queue worker is running (1 process)
✓ [2025-10-29 13:46:57] Queue worker is running (1 process)
✓ [2025-10-29 13:47:07] Queue worker is running (1 process)
✓ [2025-10-29 13:47:17] Queue worker is running (1 process)
✓ [2025-10-29 13:47:28] Queue worker is running (1 process)
✓ [2025-10-29 13:47:38] Queue worker is running (1 process)
✓ [2025-10-29 13:47:48] Queue worker is running (1 process)
✓ [2025-10-29 13:47:58] Queue worker is running (1 process)
✓ [2025-10-29 13:48:08] Queue worker is running (1 process)
✓ [2025-10-29 13:48:18] Queue worker is running (1 process)
✓ [2025-10-29 13:48:28] Queue worker is running (1 process)
✓ [2025-10-29 13:48:38] Queue worker is running (1 process)
✓ [2025-10-29 13:48:48] Queue worker is running (1 process)
✓ [2025-10-29 13:48:58] Queue worker is running (1 process)
✓ [2025-10-29 13:49:08] Queue worker is running (1 process)
✓ [2025-10-29 13:49:19] Queue worker is running (1 process)
✓ [2025-10-29 13:49:29] Queue worker is running (1 process)
✓ [2025-10-29 13:49:39] Queue worker is running (1 process)
✓ [2025-10-29 13:49:49] Queue worker is running (1 process)
✓ [2025-10-29 13:49:59] Queue worker is running (1 process)
✓ [2025-10-29 13:50:09] Queue worker is running (1 process)
✓ [2025-10-29 13:50:19] Queue worker is running (1 process)
✓ [2025-10-29 13:50:29] Queue worker is running (1 process)
✓ [2025-10-29 13:50:39] Queue worker is running (1 process)
./monitor-queue.sh: line 33: 42819 Killed: 9               nohup php artisan queue:work --queue=image-processing,default --tries=3 > storage/logs/queue-worker.log 2>&1
⚠️  [2025-10-29 13:50:49] Queue worker not running! Starting...
✅ [2025-10-29 13:50:49] Queue worker started with PID: 45395
✓ [2025-10-29 13:51:00] Queue worker is running (1 process)
✓ [2025-10-29 13:51:10] Queue worker is running (1 process)
✓ [2025-10-29 13:51:20] Queue worker is running (1 process)
✓ [2025-10-29 13:51:30] Queue worker is running (1 process)
✓ [2025-10-29 13:51:40] Queue worker is running (1 process)
✓ [2025-10-29 13:51:50] Queue worker is running (1 process)
✓ [2025-10-29 13:52:00] Queue worker is running (1 process)
✓ [2025-10-29 13:52:10] Queue worker is running (1 process)
✓ [2025-10-29 13:52:20] Queue worker is running (1 process)
✓ [2025-10-29 13:52:30] Queue worker is running (1 process)
✓ [2025-10-29 13:52:40] Queue worker is running (1 process)
✓ [2025-10-29 13:52:51] Queue worker is running (1 process)
✓ [2025-10-29 13:53:01] Queue worker is running (1 process)
✓ [2025-10-29 13:53:11] Queue worker is running (1 process)
✓ [2025-10-29 13:53:21] Queue worker is running (1 process)
✓ [2025-10-29 13:53:31] Queue worker is running (1 process)
✓ [2025-10-29 13:53:41] Queue worker is running (1 process)
✓ [2025-10-29 13:53:51] Queue worker is running (1 process)
✓ [2025-10-29 13:54:01] Queue worker is running (1 process)
✓ [2025-10-29 13:54:11] Queue worker is running (1 process)
✓ [2025-10-29 13:54:21] Queue worker is running (1 process)
✓ [2025-10-29 13:54:31] Queue worker is running (1 process)
✓ [2025-10-29 13:54:42] Queue worker is running (1 process)
✓ [2025-10-29 13:54:52] Queue worker is running (1 process)
✓ [2025-10-29 13:55:02] Queue worker is running (1 process)
✓ [2025-10-29 13:55:12] Queue worker is running (1 process)
✓ [2025-10-29 13:55:22] Queue worker is running (1 process)
✓ [2025-10-29 13:55:32] Queue worker is running (1 process)
✓ [2025-10-29 13:55:42] Queue worker is running (1 process)
✓ [2025-10-29 13:55:52] Queue worker is running (1 process)
✓ [2025-10-29 13:56:02] Queue worker is running (1 process)
✓ [2025-10-29 13:56:12] Queue worker is running (1 process)
✓ [2025-10-29 13:56:22] Queue worker is running (1 process)
✓ [2025-10-29 13:56:32] Queue worker is running (1 process)
✓ [2025-10-29 13:56:42] Queue worker is running (1 process)
✓ [2025-10-29 13:56:52] Queue worker is running (1 process)
✓ [2025-10-29 13:57:03] Queue worker is running (1 process)
✓ [2025-10-29 13:57:13] Queue worker is running (1 process)
✓ [2025-10-29 13:57:23] Queue worker is running (1 process)
✓ [2025-10-29 13:57:33] Queue worker is running (1 process)
✓ [2025-10-29 13:57:43] Queue worker is running (1 process)
✓ [2025-10-29 13:57:53] Queue worker is running (1 process)
✓ [2025-10-29 13:58:03] Queue worker is running (1 process)
✓ [2025-10-29 13:58:13] Queue worker is running (1 process)
✓ [2025-10-29 13:58:23] Queue worker is running (1 process)
✓ [2025-10-29 13:58:33] Queue worker is running (1 process)
✓ [2025-10-29 13:58:43] Queue worker is running (1 process)
✓ [2025-10-29 13:58:53] Queue worker is running (1 process)
✓ [2025-10-29 13:59:03] Queue worker is running (1 process)
✓ [2025-10-29 13:59:14] Queue worker is running (1 process)
✓ [2025-10-29 13:59:24] Queue worker is running (1 process)
✓ [2025-10-29 13:59:34] Queue worker is running (1 process)
✓ [2025-10-29 13:59:44] Queue worker is running (1 process)
✓ [2025-10-29 13:59:54] Queue worker is running (1 process)
✓ [2025-10-29 14:00:04] Queue worker is running (1 process)
✓ [2025-10-29 14:00:14] Queue worker is running (1 process)
✓ [2025-10-29 14:00:24] Queue worker is running (1 process)
✓ [2025-10-29 14:00:34] Queue worker is running (1 process)
✓ [2025-10-29 14:00:44] Queue worker is running (1 process)
✓ [2025-10-29 14:00:54] Queue worker is running (1 process)
✓ [2025-10-29 14:01:05] Queue worker is running (1 process)
✓ [2025-10-29 14:01:15] Queue worker is running (1 process)
✓ [2025-10-29 14:01:25] Queue worker is running (1 process)
✓ [2025-10-29 14:01:35] Queue worker is running (1 process)
✓ [2025-10-29 14:01:45] Queue worker is running (1 process)
./monitor-queue.sh: line 33: 45395 Killed: 9               nohup php artisan queue:work --queue=image-processing,default --tries=3 > storage/logs/queue-worker.log 2>&1
⚠️  [2025-10-29 14:01:55] Queue worker not running! Starting...
✅ [2025-10-29 14:01:55] Queue worker started with PID: 46891
✓ [2025-10-29 14:02:05] Queue worker is running (1 process)
✓ [2025-10-29 14:02:15] Queue worker is running (1 process)
✓ [2025-10-29 14:02:25] Queue worker is running (1 process)
✓ [2025-10-29 14:02:35] Queue worker is running (1 process)
✓ [2025-10-29 14:02:45] Queue worker is running (1 process)
✓ [2025-10-29 14:02:55] Queue worker is running (1 process)
✓ [2025-10-29 14:03:05] Queue worker is running (1 process)
✓ [2025-10-29 14:03:15] Queue worker is running (1 process)
✓ [2025-10-29 14:03:25] Queue worker is running (1 process)
✓ [2025-10-29 14:03:36] Queue worker is running (1 process)
✓ [2025-10-29 14:03:46] Queue worker is running (1 process)
✓ [2025-10-29 14:03:56] Queue worker is running (1 process)
✓ [2025-10-29 14:04:06] Queue worker is running (1 process)
✓ [2025-10-29 14:04:16] Queue worker is running (1 process)
✓ [2025-10-29 14:04:26] Queue worker is running (1 process)
✓ [2025-10-29 14:04:36] Queue worker is running (1 process)
✓ [2025-10-29 14:04:46] Queue worker is running (1 process)
✓ [2025-10-29 14:04:56] Queue worker is running (1 process)
✓ [2025-10-29 14:05:06] Queue worker is running (1 process)
✓ [2025-10-29 14:05:16] Queue worker is running (1 process)
./monitor-queue.sh: line 33: 46891 Killed: 9               nohup php artisan queue:work --queue=image-processing,default --tries=3 > storage/logs/queue-worker.log 2>&1
⚠️  [2025-10-29 14:05:26] Queue worker not running! Starting...
✅ [2025-10-29 14:05:26] Queue worker started with PID: 48290
✓ [2025-10-29 14:05:37] Queue worker is running (1 process)
✓ [2025-10-29 14:05:47] Queue worker is running (1 process)
✓ [2025-10-29 14:05:57] Queue worker is running (1 process)
✓ [2025-10-29 14:06:07] Queue worker is running (1 process)
✓ [2025-10-29 14:06:17] Queue worker is running (1 process)
✓ [2025-10-29 14:06:27] Queue worker is running (1 process)
✓ [2025-10-29 14:06:37] Queue worker is running (1 process)
✓ [2025-10-29 14:06:47] Queue worker is running (1 process)
✓ [2025-10-29 14:06:57] Queue worker is running (1 process)
✓ [2025-10-29 14:07:07] Queue worker is running (1 process)
✓ [2025-10-29 14:07:17] Queue worker is running (1 process)
✓ [2025-10-29 14:07:28] Queue worker is running (1 process)
✓ [2025-10-29 14:07:38] Queue worker is running (1 process)
✓ [2025-10-29 14:07:48] Queue worker is running (1 process)
✓ [2025-10-29 14:07:58] Queue worker is running (1 process)
✓ [2025-10-29 14:08:08] Queue worker is running (1 process)
✓ [2025-10-29 14:08:18] Queue worker is running (1 process)
✓ [2025-10-29 14:08:28] Queue worker is running (1 process)
✓ [2025-10-29 14:08:38] Queue worker is running (1 process)
./monitor-queue.sh: line 33: 48290 Killed: 9               nohup php artisan queue:work --queue=image-processing,default --tries=3 > storage/logs/queue-worker.log 2>&1
⚠️  [2025-10-29 14:08:48] Queue worker not running! Starting...
✅ [2025-10-29 14:08:48] Queue worker started with PID: 48612
✓ [2025-10-29 14:08:58] Queue worker is running (1 process)
✓ [2025-10-29 14:09:08] Queue worker is running (1 process)
✓ [2025-10-29 14:09:19] Queue worker is running (1 process)
✓ [2025-10-29 14:09:29] Queue worker is running (1 process)
✓ [2025-10-29 14:09:39] Queue worker is running (1 process)
✓ [2025-10-29 14:09:49] Queue worker is running (1 process)
✓ [2025-10-29 14:09:59] Queue worker is running (1 process)
✓ [2025-10-29 14:10:09] Queue worker is running (1 process)
✓ [2025-10-29 14:10:19] Queue worker is running (1 process)
✓ [2025-10-29 14:10:29] Queue worker is running (1 process)
✓ [2025-10-29 14:10:39] Queue worker is running (1 process)
✓ [2025-10-29 14:10:49] Queue worker is running (1 process)
✓ [2025-10-29 14:10:59] Queue worker is running (1 process)
✓ [2025-10-29 14:11:10] Queue worker is running (1 process)
✓ [2025-10-29 14:11:20] Queue worker is running (1 process)
✓ [2025-10-29 14:11:30] Queue worker is running (1 process)
✓ [2025-10-29 14:11:40] Queue worker is running (1 process)
✓ [2025-10-29 14:11:50] Queue worker is running (1 process)
✓ [2025-10-29 14:12:00] Queue worker is running (1 process)
✓ [2025-10-29 14:12:10] Queue worker is running (1 process)
✓ [2025-10-29 14:12:20] Queue worker is running (1 process)
✓ [2025-10-29 14:12:30] Queue worker is running (1 process)
✓ [2025-10-29 14:12:40] Queue worker is running (1 process)
✓ [2025-10-29 14:12:50] Queue worker is running (1 process)
./monitor-queue.sh: line 33: 48612 Killed: 9               nohup php artisan queue:work --queue=image-processing,default --tries=3 > storage/logs/queue-worker.log 2>&1
⚠️  [2025-10-29 14:13:00] Queue worker not running! Starting...
✅ [2025-10-29 14:13:00] Queue worker started with PID: 48897
✓ [2025-10-29 14:13:11] Queue worker is running (1 process)
✓ [2025-10-29 14:13:21] Queue worker is running (1 process)
✓ [2025-10-29 14:13:31] Queue worker is running (1 process)
✓ [2025-10-29 14:13:41] Queue worker is running (1 process)
✓ [2025-10-29 14:13:51] Queue worker is running (1 process)
✓ [2025-10-29 14:14:01] Queue worker is running (1 process)
✓ [2025-10-29 14:14:11] Queue worker is running (1 process)
✓ [2025-10-29 14:14:21] Queue worker is running (1 process)
✓ [2025-10-29 14:14:31] Queue worker is running (1 process)
✓ [2025-10-29 14:14:41] Queue worker is running (1 process)
✓ [2025-10-29 14:14:51] Queue worker is running (1 process)
✓ [2025-10-29 14:15:01] Queue worker is running (1 process)
✓ [2025-10-29 14:15:11] Queue worker is running (1 process)
✓ [2025-10-29 14:15:22] Queue worker is running (1 process)
✓ [2025-10-29 14:15:32] Queue worker is running (1 process)
✓ [2025-10-29 14:15:42] Queue worker is running (1 process)
✓ [2025-10-29 14:15:52] Queue worker is running (1 process)
✓ [2025-10-29 14:16:02] Queue worker is running (1 process)
✓ [2025-10-29 14:16:12] Queue worker is running (1 process)
✓ [2025-10-29 14:16:22] Queue worker is running (1 process)
✓ [2025-10-29 14:16:32] Queue worker is running (1 process)
✓ [2025-10-29 14:16:42] Queue worker is running (1 process)
✓ [2025-10-29 14:16:52] Queue worker is running (1 process)
✓ [2025-10-29 14:17:02] Queue worker is running (1 process)
✓ [2025-10-29 14:17:12] Queue worker is running (1 process)
✓ [2025-10-29 14:17:22] Queue worker is running (1 process)
✓ [2025-10-29 14:17:33] Queue worker is running (1 process)
✓ [2025-10-29 14:17:43] Queue worker is running (1 process)
✓ [2025-10-29 14:17:53] Queue worker is running (1 process)
✓ [2025-10-29 14:18:03] Queue worker is running (1 process)
✓ [2025-10-29 14:18:13] Queue worker is running (1 process)
✓ [2025-10-29 14:18:23] Queue worker is running (1 process)
✓ [2025-10-29 14:18:33] Queue worker is running (1 process)
✓ [2025-10-29 14:18:43] Queue worker is running (1 process)
./monitor-queue.sh: line 33: 48897 Killed: 9               nohup php artisan queue:work --queue=image-processing,default --tries=3 > storage/logs/queue-worker.log 2>&1
⚠️  [2025-10-29 14:18:53] Queue worker not running! Starting...
✅ [2025-10-29 14:18:53] Queue worker started with PID: 49946
✓ [2025-10-29 14:19:03] Queue worker is running (1 process)
✓ [2025-10-29 14:19:13] Queue worker is running (1 process)
✓ [2025-10-29 14:19:24] Queue worker is running (1 process)
✓ [2025-10-29 14:19:34] Queue worker is running (1 process)
✓ [2025-10-29 14:19:44] Queue worker is running (1 process)
✓ [2025-10-29 14:19:54] Queue worker is running (1 process)
✓ [2025-10-29 14:20:04] Queue worker is running (1 process)
✓ [2025-10-29 14:20:14] Queue worker is running (1 process)
✓ [2025-10-29 14:20:24] Queue worker is running (1 process)
✓ [2025-10-29 14:20:34] Queue worker is running (1 process)
✓ [2025-10-29 14:20:44] Queue worker is running (1 process)
✓ [2025-10-29 14:20:54] Queue worker is running (1 process)
./monitor-queue.sh: line 33: 49946 Killed: 9               nohup php artisan queue:work --queue=image-processing,default --tries=3 > storage/logs/queue-worker.log 2>&1
⚠️  [2025-10-29 14:21:04] Queue worker not running! Starting...
✅ [2025-10-29 14:21:04] Queue worker started with PID: 50189
✓ [2025-10-29 14:21:15] Queue worker is running (1 process)
✓ [2025-10-29 14:21:25] Queue worker is running (1 process)
✓ [2025-10-29 14:21:35] Queue worker is running (1 process)
✓ [2025-10-29 14:21:45] Queue worker is running (1 process)
✓ [2025-10-29 14:21:55] Queue worker is running (1 process)
✓ [2025-10-29 14:22:05] Queue worker is running (1 process)
✓ [2025-10-29 14:22:15] Queue worker is running (1 process)
✓ [2025-10-29 14:22:25] Queue worker is running (1 process)
✓ [2025-10-29 14:22:35] Queue worker is running (1 process)
✓ [2025-10-29 14:22:45] Queue worker is running (1 process)
✓ [2025-10-29 14:22:55] Queue worker is running (1 process)
✓ [2025-10-29 14:23:06] Queue worker is running (1 process)
./monitor-queue.sh: line 33: 50189 Killed: 9               nohup php artisan queue:work --queue=image-processing,default --tries=3 > storage/logs/queue-worker.log 2>&1
⚠️  [2025-10-29 14:23:16] Queue worker not running! Starting...
✅ [2025-10-29 14:23:16] Queue worker started with PID: 50390
✓ [2025-10-29 14:23:26] Queue worker is running (1 process)
✓ [2025-10-29 14:23:36] Queue worker is running (1 process)
✓ [2025-10-29 14:23:46] Queue worker is running (1 process)
✓ [2025-10-29 14:23:56] Queue worker is running (1 process)
✓ [2025-10-29 14:24:06] Queue worker is running (1 process)
✓ [2025-10-29 14:24:16] Queue worker is running (1 process)
✓ [2025-10-29 14:24:26] Queue worker is running (1 process)
✓ [2025-10-29 14:24:36] Queue worker is running (1 process)
✓ [2025-10-29 14:24:46] Queue worker is running (1 process)
✓ [2025-10-29 14:24:57] Queue worker is running (1 process)
✓ [2025-10-29 14:25:07] Queue worker is running (1 process)
✓ [2025-10-29 14:25:17] Queue worker is running (1 process)
✓ [2025-10-29 14:25:27] Queue worker is running (1 process)
✓ [2025-10-29 14:25:37] Queue worker is running (1 process)
✓ [2025-10-29 14:25:47] Queue worker is running (1 process)
✓ [2025-10-29 14:25:57] Queue worker is running (1 process)
✓ [2025-10-29 14:26:07] Queue worker is running (1 process)
✓ [2025-10-29 14:26:17] Queue worker is running (1 process)
✓ [2025-10-29 14:26:27] Queue worker is running (1 process)
✓ [2025-10-29 14:26:37] Queue worker is running (1 process)
✓ [2025-10-29 14:26:47] Queue worker is running (1 process)
✓ [2025-10-29 14:26:58] Queue worker is running (1 process)
✓ [2025-10-29 14:27:08] Queue worker is running (1 process)
✓ [2025-10-29 14:27:18] Queue worker is running (1 process)
✓ [2025-10-29 14:27:28] Queue worker is running (1 process)
✓ [2025-10-29 14:27:38] Queue worker is running (1 process)
✓ [2025-10-29 14:27:48] Queue worker is running (1 process)
✓ [2025-10-29 14:27:58] Queue worker is running (1 process)
✓ [2025-10-29 14:28:08] Queue worker is running (1 process)
✓ [2025-10-29 14:28:18] Queue worker is running (1 process)
✓ [2025-10-29 14:28:28] Queue worker is running (1 process)
✓ [2025-10-29 14:28:38] Queue worker is running (1 process)
✓ [2025-10-29 14:28:49] Queue worker is running (1 process)
✓ [2025-10-29 14:28:59] Queue worker is running (1 process)
✓ [2025-10-29 14:29:09] Queue worker is running (1 process)
✓ [2025-10-29 14:29:19] Queue worker is running (1 process)
✓ [2025-10-29 14:29:29] Queue worker is running (1 process)
✓ [2025-10-29 14:29:39] Queue worker is running (1 process)
✓ [2025-10-29 14:29:49] Queue worker is running (1 process)
✓ [2025-10-29 14:29:59] Queue worker is running (1 process)
✓ [2025-10-29 14:30:09] Queue worker is running (1 process)
✓ [2025-10-29 14:30:19] Queue worker is running (1 process)
✓ [2025-10-29 14:30:29] Queue worker is running (1 process)
✓ [2025-10-29 14:30:40] Queue worker is running (1 process)
✓ [2025-10-29 14:30:50] Queue worker is running (1 process)
✓ [2025-10-29 14:31:00] Queue worker is running (1 process)
✓ [2025-10-29 14:31:10] Queue worker is running (1 process)
✓ [2025-10-29 14:31:20] Queue worker is running (1 process)
✓ [2025-10-29 14:31:30] Queue worker is running (1 process)
✓ [2025-10-29 14:31:40] Queue worker is running (1 process)
✓ [2025-10-29 14:31:50] Queue worker is running (1 process)
✓ [2025-10-29 14:32:00] Queue worker is running (1 process)
✓ [2025-10-29 14:32:10] Queue worker is running (1 process)
✓ [2025-10-29 14:32:20] Queue worker is running (1 process)
✓ [2025-10-29 14:32:30] Queue worker is running (1 process)
✓ [2025-10-29 14:32:41] Queue worker is running (1 process)
✓ [2025-10-29 14:32:51] Queue worker is running (1 process)
✓ [2025-10-29 14:33:01] Queue worker is running (1 process)
✓ [2025-10-29 14:33:11] Queue worker is running (1 process)
✓ [2025-10-29 14:33:21] Queue worker is running (1 process)
✓ [2025-10-29 14:33:31] Queue worker is running (1 process)
✓ [2025-10-29 14:33:41] Queue worker is running (1 process)
✓ [2025-10-29 14:33:51] Queue worker is running (1 process)
✓ [2025-10-29 14:34:01] Queue worker is running (1 process)
✓ [2025-10-29 14:34:11] Queue worker is running (1 process)
✓ [2025-10-29 14:34:21] Queue worker is running (1 process)
✓ [2025-10-29 14:34:32] Queue worker is running (1 process)
✓ [2025-10-29 15:08:19] Queue worker is running (1 process)
✓ [2025-10-29 15:23:48] Queue worker is running (1 process)
✓ [2025-10-29 15:23:58] Queue worker is running (1 process)
✓ [2025-10-29 15:24:08] Queue worker is running (1 process)
✓ [2025-10-29 15:24:18] Queue worker is running (1 process)
✓ [2025-10-29 15:24:28] Queue worker is running (1 process)
✓ [2025-10-29 15:24:38] Queue worker is running (1 process)
✓ [2025-10-29 15:24:49] Queue worker is running (1 process)
✓ [2025-10-29 15:24:59] Queue worker is running (1 process)
✓ [2025-10-29 15:25:09] Queue worker is running (1 process)
✓ [2025-10-29 15:25:19] Queue worker is running (1 process)
✓ [2025-10-29 15:25:29] Queue worker is running (1 process)
✓ [2025-10-29 15:25:39] Queue worker is running (1 process)
✓ [2025-10-29 15:25:49] Queue worker is running (1 process)
✓ [2025-10-29 15:25:59] Queue worker is running (1 process)
✓ [2025-10-29 15:26:09] Queue worker is running (1 process)
✓ [2025-10-29 15:26:19] Queue worker is running (1 process)
✓ [2025-10-29 15:26:29] Queue worker is running (1 process)
✓ [2025-10-29 15:26:39] Queue worker is running (1 process)
✓ [2025-10-29 15:26:49] Queue worker is running (1 process)
✓ [2025-10-29 15:27:00] Queue worker is running (1 process)
✓ [2025-10-29 15:27:10] Queue worker is running (1 process)
✓ [2025-10-29 15:27:20] Queue worker is running (1 process)
✓ [2025-10-29 15:27:30] Queue worker is running (1 process)
✓ [2025-10-29 15:27:40] Queue worker is running (1 process)
✓ [2025-10-29 15:27:50] Queue worker is running (1 process)
✓ [2025-10-29 15:28:00] Queue worker is running (1 process)
✓ [2025-10-29 15:28:10] Queue worker is running (1 process)
✓ [2025-10-29 15:28:20] Queue worker is running (1 process)
✓ [2025-10-29 15:28:30] Queue worker is running (1 process)
✓ [2025-10-29 15:28:41] Queue worker is running (1 process)
✓ [2025-10-29 15:28:51] Queue worker is running (1 process)
✓ [2025-10-29 15:29:01] Queue worker is running (1 process)
✓ [2025-10-29 15:29:11] Queue worker is running (1 process)
✓ [2025-10-29 15:29:21] Queue worker is running (1 process)
✓ [2025-10-29 15:29:31] Queue worker is running (1 process)
✓ [2025-10-29 15:29:41] Queue worker is running (1 process)
✓ [2025-10-29 15:29:51] Queue worker is running (1 process)
✓ [2025-10-29 15:30:01] Queue worker is running (1 process)
✓ [2025-10-29 15:30:11] Queue worker is running (1 process)
✓ [2025-10-29 15:30:21] Queue worker is running (1 process)
✓ [2025-10-29 15:30:32] Queue worker is running (1 process)
✓ [2025-10-29 15:30:42] Queue worker is running (1 process)
✓ [2025-10-29 15:30:52] Queue worker is running (1 process)
✓ [2025-10-29 15:31:02] Queue worker is running (1 process)
✓ [2025-10-29 15:31:12] Queue worker is running (1 process)
✓ [2025-10-29 15:31:22] Queue worker is running (1 process)
✓ [2025-10-29 15:31:32] Queue worker is running (1 process)
✓ [2025-10-29 15:31:42] Queue worker is running (1 process)
✓ [2025-10-29 15:31:52] Queue worker is running (1 process)
✓ [2025-10-29 15:32:02] Queue worker is running (1 process)
✓ [2025-10-29 15:32:12] Queue worker is running (1 process)
✓ [2025-10-29 15:32:23] Queue worker is running (1 process)
✓ [2025-10-29 15:32:33] Queue worker is running (1 process)
✓ [2025-10-29 15:32:43] Queue worker is running (1 process)
✓ [2025-10-29 15:45:11] Queue worker is running (1 process)
✓ [2025-10-29 15:45:21] Queue worker is running (1 process)
✓ [2025-10-29 15:45:31] Queue worker is running (1 process)
✓ [2025-10-29 15:45:41] Queue worker is running (1 process)
✓ [2025-10-29 15:45:51] Queue worker is running (1 process)
✓ [2025-10-29 15:46:01] Queue worker is running (1 process)
✓ [2025-10-29 15:46:11] Queue worker is running (1 process)
✓ [2025-10-29 15:46:21] Queue worker is running (1 process)
✓ [2025-10-29 15:46:32] Queue worker is running (1 process)
✓ [2025-10-29 15:46:42] Queue worker is running (1 process)
✓ [2025-10-29 15:46:52] Queue worker is running (1 process)
✓ [2025-10-29 15:47:02] Queue worker is running (1 process)
✓ [2025-10-29 15:47:12] Queue worker is running (1 process)
✓ [2025-10-29 15:47:22] Queue worker is running (1 process)
✓ [2025-10-29 15:47:32] Queue worker is running (1 process)
✓ [2025-10-29 15:47:42] Queue worker is running (1 process)
✓ [2025-10-29 15:47:52] Queue worker is running (1 process)
✓ [2025-10-29 15:48:02] Queue worker is running (1 process)
✓ [2025-10-29 15:48:13] Queue worker is running (1 process)
✓ [2025-10-29 15:48:23] Queue worker is running (1 process)
✓ [2025-10-29 15:48:33] Queue worker is running (1 process)
✓ [2025-10-29 15:48:43] Queue worker is running (1 process)
✓ [2025-10-29 15:48:53] Queue worker is running (1 process)
✓ [2025-10-29 15:49:03] Queue worker is running (1 process)
✓ [2025-10-29 15:49:13] Queue worker is running (1 process)
✓ [2025-10-29 15:49:23] Queue worker is running (1 process)
✓ [2025-10-29 15:49:33] Queue worker is running (1 process)
✓ [2025-10-29 15:49:43] Queue worker is running (1 process)
✓ [2025-10-29 15:49:53] Queue worker is running (1 process)
✓ [2025-10-29 15:50:04] Queue worker is running (1 process)
✓ [2025-10-29 15:50:14] Queue worker is running (1 process)
✓ [2025-10-29 15:50:24] Queue worker is running (1 process)
✓ [2025-10-29 15:50:34] Queue worker is running (1 process)
✓ [2025-10-29 15:50:44] Queue worker is running (1 process)
✓ [2025-10-29 15:50:54] Queue worker is running (1 process)
✓ [2025-10-29 15:51:04] Queue worker is running (1 process)
✓ [2025-10-29 15:51:14] Queue worker is running (1 process)
✓ [2025-10-29 15:51:24] Queue worker is running (1 process)
✓ [2025-10-29 15:51:34] Queue worker is running (1 process)
✓ [2025-10-29 15:51:44] Queue worker is running (1 process)
✓ [2025-10-29 15:51:55] Queue worker is running (1 process)
✓ [2025-10-29 15:52:05] Queue worker is running (1 process)
✓ [2025-10-29 15:52:15] Queue worker is running (1 process)
✓ [2025-10-29 15:52:25] Queue worker is running (1 process)
✓ [2025-10-29 15:52:35] Queue worker is running (1 process)
✓ [2025-10-29 15:52:45] Queue worker is running (1 process)
✓ [2025-10-29 15:52:55] Queue worker is running (1 process)
✓ [2025-10-29 15:53:05] Queue worker is running (1 process)
✓ [2025-10-29 15:53:15] Queue worker is running (1 process)
✓ [2025-10-29 15:53:25] Queue worker is running (1 process)
✓ [2025-10-29 15:53:35] Queue worker is running (1 process)
✓ [2025-10-29 15:53:46] Queue worker is running (1 process)
✓ [2025-10-29 15:53:56] Queue worker is running (1 process)
✓ [2025-10-29 15:54:06] Queue worker is running (1 process)
✓ [2025-10-29 15:54:16] Queue worker is running (1 process)
✓ [2025-10-29 15:54:26] Queue worker is running (1 process)
✓ [2025-10-29 15:54:36] Queue worker is running (1 process)
✓ [2025-10-29 15:54:46] Queue worker is running (1 process)
✓ [2025-10-29 15:54:56] Queue worker is running (1 process)
✓ [2025-10-29 15:55:06] Queue worker is running (1 process)
✓ [2025-10-29 15:55:16] Queue worker is running (1 process)
✓ [2025-10-29 15:55:26] Queue worker is running (1 process)
✓ [2025-10-29 15:55:37] Queue worker is running (1 process)
✓ [2025-10-29 15:55:47] Queue worker is running (1 process)
✓ [2025-10-29 15:55:57] Queue worker is running (1 process)
✓ [2025-10-29 15:56:07] Queue worker is running (1 process)
✓ [2025-10-29 15:56:17] Queue worker is running (1 process)
✓ [2025-10-29 15:56:27] Queue worker is running (1 process)
✓ [2025-10-29 15:56:37] Queue worker is running (1 process)
✓ [2025-10-29 15:56:47] Queue worker is running (1 process)
✓ [2025-10-29 15:56:57] Queue worker is running (1 process)
✓ [2025-10-29 15:57:07] Queue worker is running (1 process)
✓ [2025-10-29 15:57:17] Queue worker is running (1 process)
✓ [2025-10-29 15:57:27] Queue worker is running (1 process)
✓ [2025-10-29 15:57:38] Queue worker is running (1 process)
✓ [2025-10-29 15:57:48] Queue worker is running (1 process)
✓ [2025-10-29 15:57:58] Queue worker is running (1 process)
✓ [2025-10-29 15:58:08] Queue worker is running (1 process)
✓ [2025-10-29 15:58:18] Queue worker is running (1 process)
✓ [2025-10-29 15:58:28] Queue worker is running (1 process)
✓ [2025-10-29 15:58:38] Queue worker is running (1 process)
✓ [2025-10-29 15:58:48] Queue worker is running (1 process)
✓ [2025-10-29 15:58:58] Queue worker is running (1 process)
✓ [2025-10-29 15:59:08] Queue worker is running (1 process)
✓ [2025-10-29 15:59:18] Queue worker is running (1 process)
✓ [2025-10-29 15:59:29] Queue worker is running (1 process)
✓ [2025-10-29 15:59:39] Queue worker is running (1 process)
✓ [2025-10-29 15:59:49] Queue worker is running (1 process)
✓ [2025-10-29 15:59:59] Queue worker is running (1 process)
✓ [2025-10-29 16:00:09] Queue worker is running (1 process)
✓ [2025-10-29 16:00:19] Queue worker is running (1 process)
✓ [2025-10-29 16:00:29] Queue worker is running (1 process)
✓ [2025-10-29 16:00:39] Queue worker is running (1 process)
✓ [2025-10-29 16:00:49] Queue worker is running (1 process)
✓ [2025-10-29 16:00:59] Queue worker is running (1 process)
✓ [2025-10-29 16:01:09] Queue worker is running (1 process)
✓ [2025-10-29 16:01:19] Queue worker is running (1 process)
✓ [2025-10-29 16:01:30] Queue worker is running (1 process)
✓ [2025-10-29 16:01:40] Queue worker is running (1 process)
✓ [2025-10-29 16:01:50] Queue worker is running (1 process)
✓ [2025-10-29 16:02:00] Queue worker is running (1 process)
✓ [2025-10-29 16:02:10] Queue worker is running (1 process)
✓ [2025-10-29 16:02:20] Queue worker is running (1 process)
✓ [2025-10-29 16:02:30] Queue worker is running (1 process)
✓ [2025-10-29 16:03:17] Queue worker is running (1 process)
✓ [2025-10-29 16:03:27] Queue worker is running (1 process)
✓ [2025-10-29 16:03:37] Queue worker is running (1 process)
✓ [2025-10-29 16:03:47] Queue worker is running (1 process)
✓ [2025-10-29 16:03:57] Queue worker is running (1 process)
✓ [2025-10-29 16:04:07] Queue worker is running (1 process)
✓ [2025-10-29 16:04:17] Queue worker is running (1 process)
✓ [2025-10-29 16:04:27] Queue worker is running (1 process)
✓ [2025-10-29 16:04:37] Queue worker is running (1 process)
✓ [2025-10-29 16:04:47] Queue worker is running (1 process)
✓ [2025-10-29 16:04:57] Queue worker is running (1 process)
✓ [2025-10-29 16:05:07] Queue worker is running (1 process)
✓ [2025-10-29 16:05:18] Queue worker is running (1 process)
✓ [2025-10-29 16:05:28] Queue worker is running (1 process)
✓ [2025-10-29 16:05:38] Queue worker is running (1 process)
✓ [2025-10-29 16:05:48] Queue worker is running (1 process)
✓ [2025-10-29 16:05:58] Queue worker is running (1 process)
✓ [2025-10-29 16:06:08] Queue worker is running (1 process)
✓ [2025-10-29 16:06:18] Queue worker is running (1 process)
✓ [2025-10-29 16:06:28] Queue worker is running (1 process)
✓ [2025-10-29 16:06:38] Queue worker is running (1 process)
✓ [2025-10-29 16:06:48] Queue worker is running (1 process)
✓ [2025-10-29 16:06:58] Queue worker is running (1 process)
✓ [2025-10-29 16:07:09] Queue worker is running (1 process)
✓ [2025-10-29 16:07:19] Queue worker is running (1 process)
✓ [2025-10-29 16:07:29] Queue worker is running (1 process)
✓ [2025-10-29 16:07:39] Queue worker is running (1 process)
✓ [2025-10-29 16:07:49] Queue worker is running (1 process)
✓ [2025-10-29 16:07:59] Queue worker is running (1 process)
✓ [2025-10-29 16:08:09] Queue worker is running (1 process)
✓ [2025-10-29 16:08:19] Queue worker is running (1 process)
✓ [2025-10-29 16:08:29] Queue worker is running (1 process)
✓ [2025-10-29 16:08:39] Queue worker is running (1 process)
✓ [2025-10-29 16:08:49] Queue worker is running (1 process)
✓ [2025-10-29 16:08:59] Queue worker is running (1 process)
✓ [2025-10-29 16:09:10] Queue worker is running (1 process)
✓ [2025-10-29 16:09:20] Queue worker is running (1 process)
✓ [2025-10-29 16:09:30] Queue worker is running (1 process)
✓ [2025-10-29 16:09:40] Queue worker is running (1 process)
✓ [2025-10-29 16:09:50] Queue worker is running (1 process)
✓ [2025-10-29 16:10:00] Queue worker is running (1 process)
✓ [2025-10-29 16:10:10] Queue worker is running (1 process)
✓ [2025-10-29 16:10:20] Queue worker is running (1 process)
✓ [2025-10-29 16:10:30] Queue worker is running (1 process)
✓ [2025-10-29 16:10:40] Queue worker is running (1 process)
✓ [2025-10-29 16:10:51] Queue worker is running (1 process)
✓ [2025-10-29 16:11:01] Queue worker is running (1 process)
✓ [2025-10-29 16:11:11] Queue worker is running (1 process)
✓ [2025-10-29 16:11:21] Queue worker is running (1 process)
✓ [2025-10-29 16:11:31] Queue worker is running (1 process)
✓ [2025-10-29 16:11:41] Queue worker is running (1 process)
✓ [2025-10-29 16:11:51] Queue worker is running (1 process)
✓ [2025-10-29 16:12:01] Queue worker is running (1 process)
✓ [2025-10-29 16:12:11] Queue worker is running (1 process)
✓ [2025-10-29 16:12:21] Queue worker is running (1 process)
✓ [2025-10-29 16:12:31] Queue worker is running (1 process)
✓ [2025-10-29 16:12:42] Queue worker is running (1 process)
✓ [2025-10-29 16:12:52] Queue worker is running (1 process)
✓ [2025-10-29 16:13:02] Queue worker is running (1 process)
✓ [2025-10-29 16:13:12] Queue worker is running (1 process)
✓ [2025-10-29 16:13:22] Queue worker is running (1 process)
✓ [2025-10-29 16:13:32] Queue worker is running (1 process)
✓ [2025-10-29 16:13:42] Queue worker is running (1 process)
✓ [2025-10-29 16:13:52] Queue worker is running (1 process)
✓ [2025-10-29 16:14:02] Queue worker is running (1 process)
✓ [2025-10-29 16:14:12] Queue worker is running (1 process)
✓ [2025-10-29 16:14:22] Queue worker is running (1 process)
✓ [2025-10-29 16:14:33] Queue worker is running (1 process)
✓ [2025-10-29 16:14:43] Queue worker is running (1 process)
✓ [2025-10-29 16:14:53] Queue worker is running (1 process)
✓ [2025-10-29 16:15:03] Queue worker is running (1 process)
✓ [2025-10-29 16:15:13] Queue worker is running (1 process)
✓ [2025-10-29 16:15:23] Queue worker is running (1 process)
✓ [2025-10-29 16:15:33] Queue worker is running (1 process)
✓ [2025-10-29 16:15:43] Queue worker is running (1 process)
✓ [2025-10-29 16:15:53] Queue worker is running (1 process)
✓ [2025-10-29 16:16:03] Queue worker is running (1 process)
✓ [2025-10-29 16:16:13] Queue worker is running (1 process)
✓ [2025-10-29 16:16:24] Queue worker is running (1 process)
✓ [2025-10-29 16:16:34] Queue worker is running (1 process)
✓ [2025-10-29 16:16:44] Queue worker is running (1 process)
✓ [2025-10-29 16:16:54] Queue worker is running (1 process)
✓ [2025-10-29 16:17:04] Queue worker is running (1 process)
✓ [2025-10-29 16:17:14] Queue worker is running (1 process)
✓ [2025-10-29 16:17:24] Queue worker is running (1 process)
✓ [2025-10-29 16:17:34] Queue worker is running (1 process)
✓ [2025-10-29 16:17:44] Queue worker is running (1 process)
✓ [2025-10-29 16:17:54] Queue worker is running (1 process)
✓ [2025-10-29 16:18:04] Queue worker is running (1 process)
✓ [2025-10-29 16:18:15] Queue worker is running (1 process)
✓ [2025-10-29 16:18:25] Queue worker is running (1 process)
✓ [2025-10-29 16:18:35] Queue worker is running (1 process)
✓ [2025-10-29 16:18:45] Queue worker is running (1 process)
✓ [2025-10-29 16:18:55] Queue worker is running (1 process)
✓ [2025-10-29 16:19:05] Queue worker is running (1 process)
✓ [2025-10-29 16:19:15] Queue worker is running (1 process)
✓ [2025-10-29 16:19:25] Queue worker is running (1 process)
✓ [2025-10-29 16:19:35] Queue worker is running (1 process)
✓ [2025-10-29 16:19:45] Queue worker is running (1 process)
✓ [2025-10-29 16:19:55] Queue worker is running (1 process)
✓ [2025-10-29 16:20:06] Queue worker is running (1 process)
✓ [2025-10-29 16:20:16] Queue worker is running (1 process)
✓ [2025-10-29 16:20:26] Queue worker is running (1 process)
✓ [2025-10-29 16:20:36] Queue worker is running (1 process)
✓ [2025-10-29 16:20:46] Queue worker is running (1 process)
✓ [2025-10-29 16:20:56] Queue worker is running (1 process)
✓ [2025-10-29 16:21:06] Queue worker is running (1 process)
✓ [2025-10-29 16:21:16] Queue worker is running (1 process)
✓ [2025-10-29 16:21:26] Queue worker is running (1 process)
✓ [2025-10-29 16:21:36] Queue worker is running (1 process)
✓ [2025-10-29 16:21:46] Queue worker is running (1 process)
✓ [2025-10-29 16:21:57] Queue worker is running (1 process)
✓ [2025-10-29 16:22:07] Queue worker is running (1 process)
✓ [2025-10-29 16:22:17] Queue worker is running (1 process)
✓ [2025-10-29 16:22:27] Queue worker is running (1 process)
✓ [2025-10-29 16:22:37] Queue worker is running (1 process)
✓ [2025-10-29 16:22:47] Queue worker is running (1 process)
✓ [2025-10-29 16:22:57] Queue worker is running (1 process)
✓ [2025-10-29 16:23:07] Queue worker is running (1 process)
✓ [2025-10-29 16:23:17] Queue worker is running (1 process)
✓ [2025-10-29 16:23:27] Queue worker is running (1 process)
✓ [2025-10-29 16:23:37] Queue worker is running (1 process)
✓ [2025-10-29 16:23:48] Queue worker is running (1 process)
✓ [2025-10-29 16:23:58] Queue worker is running (1 process)
✓ [2025-10-29 16:24:08] Queue worker is running (1 process)
✓ [2025-10-29 16:24:18] Queue worker is running (1 process)
✓ [2025-10-29 16:24:28] Queue worker is running (1 process)
✓ [2025-10-29 16:24:38] Queue worker is running (1 process)
✓ [2025-10-29 16:24:48] Queue worker is running (1 process)
✓ [2025-10-29 16:24:58] Queue worker is running (1 process)
✓ [2025-10-29 16:25:08] Queue worker is running (1 process)
✓ [2025-10-29 16:25:18] Queue worker is running (1 process)
✓ [2025-10-29 16:25:28] Queue worker is running (1 process)
✓ [2025-10-29 16:25:39] Queue worker is running (1 process)
✓ [2025-10-29 16:25:49] Queue worker is running (1 process)
✓ [2025-10-29 16:25:59] Queue worker is running (1 process)
✓ [2025-10-29 16:26:09] Queue worker is running (1 process)
✓ [2025-10-29 16:26:19] Queue worker is running (1 process)
✓ [2025-10-29 16:26:29] Queue worker is running (1 process)
✓ [2025-10-29 16:26:39] Queue worker is running (1 process)
✓ [2025-10-29 16:26:49] Queue worker is running (1 process)
✓ [2025-10-29 16:26:59] Queue worker is running (1 process)
✓ [2025-10-29 16:27:09] Queue worker is running (1 process)
✓ [2025-10-29 16:27:19] Queue worker is running (1 process)
✓ [2025-10-29 16:27:30] Queue worker is running (1 process)
✓ [2025-10-29 16:27:40] Queue worker is running (1 process)
✓ [2025-10-29 16:27:50] Queue worker is running (1 process)
✓ [2025-10-29 16:28:00] Queue worker is running (1 process)
✓ [2025-10-29 16:28:10] Queue worker is running (1 process)
✓ [2025-10-29 16:28:20] Queue worker is running (1 process)
✓ [2025-10-29 16:28:30] Queue worker is running (1 process)
✓ [2025-10-29 16:28:40] Queue worker is running (1 process)
✓ [2025-10-29 16:28:50] Queue worker is running (1 process)
✓ [2025-10-29 16:29:00] Queue worker is running (1 process)
✓ [2025-10-29 16:29:10] Queue worker is running (1 process)
✓ [2025-10-29 16:29:21] Queue worker is running (1 process)
✓ [2025-10-29 16:29:31] Queue worker is running (1 process)
✓ [2025-10-29 16:29:41] Queue worker is running (1 process)
✓ [2025-10-29 16:29:51] Queue worker is running (1 process)
✓ [2025-10-29 16:30:01] Queue worker is running (1 process)
✓ [2025-10-29 16:30:11] Queue worker is running (1 process)
✓ [2025-10-29 16:30:21] Queue worker is running (1 process)
✓ [2025-10-29 16:30:31] Queue worker is running (1 process)
✓ [2025-10-29 16:30:41] Queue worker is running (1 process)
✓ [2025-10-29 16:30:51] Queue worker is running (1 process)
✓ [2025-10-29 16:31:01] Queue worker is running (1 process)
✓ [2025-10-29 16:31:12] Queue worker is running (1 process)
✓ [2025-10-29 16:31:22] Queue worker is running (1 process)
✓ [2025-10-29 16:31:32] Queue worker is running (1 process)
✓ [2025-10-29 16:31:42] Queue worker is running (1 process)
✓ [2025-10-29 16:31:52] Queue worker is running (1 process)
✓ [2025-10-29 16:32:02] Queue worker is running (1 process)
✓ [2025-10-29 16:32:12] Queue worker is running (1 process)
✓ [2025-10-29 16:32:22] Queue worker is running (1 process)
✓ [2025-10-29 16:32:32] Queue worker is running (1 process)
✓ [2025-10-29 16:32:42] Queue worker is running (1 process)
✓ [2025-10-29 16:32:52] Queue worker is running (1 process)
✓ [2025-10-29 16:33:03] Queue worker is running (1 process)
✓ [2025-10-29 16:33:13] Queue worker is running (1 process)
✓ [2025-10-29 16:33:23] Queue worker is running (1 process)
✓ [2025-10-29 16:33:33] Queue worker is running (1 process)
✓ [2025-10-29 16:33:43] Queue worker is running (1 process)
✓ [2025-10-29 16:33:53] Queue worker is running (1 process)
✓ [2025-10-29 16:34:03] Queue worker is running (1 process)
✓ [2025-10-29 16:34:13] Queue worker is running (1 process)
✓ [2025-10-29 16:34:23] Queue worker is running (1 process)
✓ [2025-10-29 16:34:33] Queue worker is running (1 process)
✓ [2025-10-29 16:34:43] Queue worker is running (1 process)
✓ [2025-10-29 16:34:54] Queue worker is running (1 process)
✓ [2025-10-29 16:35:04] Queue worker is running (1 process)
✓ [2025-10-29 16:35:14] Queue worker is running (1 process)
✓ [2025-10-29 16:35:24] Queue worker is running (1 process)
✓ [2025-10-29 16:35:34] Queue worker is running (1 process)
✓ [2025-10-29 16:35:44] Queue worker is running (1 process)
✓ [2025-10-29 16:35:54] Queue worker is running (1 process)
✓ [2025-10-29 16:36:04] Queue worker is running (1 process)
✓ [2025-10-29 16:36:14] Queue worker is running (1 process)
✓ [2025-10-29 16:36:24] Queue worker is running (1 process)
✓ [2025-10-29 16:36:34] Queue worker is running (1 process)
✓ [2025-10-29 16:36:45] Queue worker is running (1 process)
✓ [2025-10-29 16:36:55] Queue worker is running (1 process)
✓ [2025-10-29 16:37:05] Queue worker is running (1 process)
✓ [2025-10-29 16:37:15] Queue worker is running (1 process)
✓ [2025-10-29 16:37:25] Queue worker is running (1 process)
✓ [2025-10-29 16:37:35] Queue worker is running (1 process)
✓ [2025-10-29 16:37:45] Queue worker is running (1 process)
✓ [2025-10-29 16:37:55] Queue worker is running (1 process)
✓ [2025-10-29 16:38:05] Queue worker is running (1 process)
✓ [2025-10-29 16:38:15] Queue worker is running (1 process)
✓ [2025-10-29 16:38:26] Queue worker is running (1 process)
✓ [2025-10-29 16:38:36] Queue worker is running (1 process)
✓ [2025-10-29 16:38:46] Queue worker is running (1 process)
✓ [2025-10-29 16:38:56] Queue worker is running (1 process)
✓ [2025-10-29 16:39:06] Queue worker is running (1 process)
✓ [2025-10-29 16:39:16] Queue worker is running (1 process)
✓ [2025-10-29 16:39:26] Queue worker is running (1 process)
✓ [2025-10-29 16:39:36] Queue worker is running (1 process)
✓ [2025-10-29 16:39:46] Queue worker is running (1 process)
✓ [2025-10-29 16:39:56] Queue worker is running (1 process)
✓ [2025-10-29 16:40:06] Queue worker is running (1 process)
✓ [2025-10-29 16:40:17] Queue worker is running (1 process)
✓ [2025-10-29 16:40:27] Queue worker is running (1 process)
✓ [2025-10-29 16:40:37] Queue worker is running (1 process)
✓ [2025-10-29 16:40:47] Queue worker is running (1 process)
✓ [2025-10-29 16:40:57] Queue worker is running (1 process)
✓ [2025-10-29 16:41:07] Queue worker is running (1 process)
✓ [2025-10-29 16:41:17] Queue worker is running (1 process)
✓ [2025-10-29 16:41:27] Queue worker is running (1 process)
✓ [2025-10-29 16:41:37] Queue worker is running (1 process)
✓ [2025-10-29 16:41:47] Queue worker is running (1 process)
✓ [2025-10-29 16:41:58] Queue worker is running (1 process)
✓ [2025-10-29 16:42:08] Queue worker is running (1 process)
✓ [2025-10-29 16:42:18] Queue worker is running (1 process)
✓ [2025-10-29 16:42:28] Queue worker is running (1 process)
✓ [2025-10-29 16:42:38] Queue worker is running (1 process)
✓ [2025-10-29 16:42:48] Queue worker is running (1 process)
✓ [2025-10-29 16:42:58] Queue worker is running (1 process)
✓ [2025-10-29 16:43:08] Queue worker is running (1 process)
✓ [2025-10-29 16:43:18] Queue worker is running (1 process)
✓ [2025-10-29 16:43:28] Queue worker is running (1 process)
✓ [2025-10-29 16:43:38] Queue worker is running (1 process)
✓ [2025-10-29 16:43:49] Queue worker is running (1 process)
✓ [2025-10-29 16:43:59] Queue worker is running (1 process)
✓ [2025-10-29 16:44:09] Queue worker is running (1 process)
✓ [2025-10-29 16:44:19] Queue worker is running (1 process)
✓ [2025-10-29 16:44:29] Queue worker is running (1 process)
✓ [2025-10-29 16:44:39] Queue worker is running (1 process)
✓ [2025-10-29 16:44:49] Queue worker is running (1 process)
✓ [2025-10-29 16:44:59] Queue worker is running (1 process)
✓ [2025-10-29 16:45:09] Queue worker is running (1 process)
✓ [2025-10-29 16:45:19] Queue worker is running (1 process)
✓ [2025-10-29 16:45:29] Queue worker is running (1 process)
✓ [2025-10-29 16:45:40] Queue worker is running (1 process)
✓ [2025-10-29 16:45:50] Queue worker is running (1 process)
✓ [2025-10-29 16:46:00] Queue worker is running (1 process)
✓ [2025-10-29 16:46:10] Queue worker is running (1 process)
✓ [2025-10-29 16:46:20] Queue worker is running (1 process)
✓ [2025-10-29 16:46:30] Queue worker is running (1 process)
✓ [2025-10-29 16:46:40] Queue worker is running (1 process)
✓ [2025-10-29 16:46:50] Queue worker is running (1 process)
✓ [2025-10-29 16:47:00] Queue worker is running (1 process)
✓ [2025-10-29 16:47:10] Queue worker is running (1 process)
✓ [2025-10-29 16:47:20] Queue worker is running (1 process)
✓ [2025-10-29 16:47:31] Queue worker is running (1 process)
✓ [2025-10-29 16:47:41] Queue worker is running (1 process)
✓ [2025-10-29 16:47:51] Queue worker is running (1 process)
✓ [2025-10-29 16:48:01] Queue worker is running (1 process)
✓ [2025-10-29 16:48:11] Queue worker is running (1 process)
✓ [2025-10-29 16:48:21] Queue worker is running (1 process)
✓ [2025-10-29 16:48:31] Queue worker is running (1 process)
✓ [2025-10-29 16:48:41] Queue worker is running (1 process)
✓ [2025-10-29 16:48:51] Queue worker is running (1 process)
✓ [2025-10-29 16:49:01] Queue worker is running (1 process)
✓ [2025-10-29 16:49:11] Queue worker is running (1 process)
✓ [2025-10-29 16:49:22] Queue worker is running (1 process)
✓ [2025-10-29 16:49:32] Queue worker is running (1 process)
✓ [2025-10-29 16:49:42] Queue worker is running (1 process)
✓ [2025-10-29 16:49:52] Queue worker is running (1 process)
✓ [2025-10-29 16:50:02] Queue worker is running (1 process)
✓ [2025-10-29 16:50:12] Queue worker is running (1 process)
✓ [2025-10-29 16:50:22] Queue worker is running (1 process)
✓ [2025-10-29 16:50:32] Queue worker is running (1 process)
✓ [2025-10-29 16:50:42] Queue worker is running (1 process)
✓ [2025-10-29 16:50:52] Queue worker is running (1 process)
✓ [2025-10-29 16:51:03] Queue worker is running (1 process)
✓ [2025-10-29 16:51:13] Queue worker is running (1 process)
✓ [2025-10-29 16:51:23] Queue worker is running (1 process)
✓ [2025-10-29 16:51:33] Queue worker is running (1 process)
✓ [2025-10-29 16:51:43] Queue worker is running (1 process)
✓ [2025-10-29 16:51:53] Queue worker is running (1 process)
✓ [2025-10-29 16:52:03] Queue worker is running (1 process)
✓ [2025-10-29 16:52:13] Queue worker is running (1 process)
✓ [2025-10-29 16:52:23] Queue worker is running (1 process)
✓ [2025-10-29 16:52:33] Queue worker is running (1 process)
✓ [2025-10-29 16:52:43] Queue worker is running (1 process)
✓ [2025-10-29 16:52:54] Queue worker is running (1 process)
✓ [2025-10-29 16:53:04] Queue worker is running (1 process)
✓ [2025-10-29 16:53:14] Queue worker is running (1 process)
✓ [2025-10-29 16:53:24] Queue worker is running (1 process)
✓ [2025-10-29 16:53:34] Queue worker is running (1 process)
✓ [2025-10-29 16:53:44] Queue worker is running (1 process)
✓ [2025-10-29 16:53:54] Queue worker is running (1 process)
✓ [2025-10-29 16:54:04] Queue worker is running (1 process)
✓ [2025-10-29 16:54:14] Queue worker is running (1 process)
✓ [2025-10-29 16:54:24] Queue worker is running (1 process)
✓ [2025-10-29 16:54:34] Queue worker is running (1 process)
✓ [2025-10-29 16:54:44] Queue worker is running (1 process)
✓ [2025-10-29 16:54:55] Queue worker is running (1 process)
✓ [2025-10-29 16:55:05] Queue worker is running (1 process)
✓ [2025-10-29 16:55:15] Queue worker is running (1 process)
✓ [2025-10-29 16:55:25] Queue worker is running (1 process)
✓ [2025-10-29 16:55:35] Queue worker is running (1 process)
✓ [2025-10-29 16:55:45] Queue worker is running (1 process)
✓ [2025-10-29 17:12:53] Queue worker is running (1 process)
✓ [2025-10-29 17:45:09] Queue worker is running (1 process)
✓ [2025-10-29 18:16:46] Queue worker is running (1 process)
✓ [2025-10-29 18:36:08] Queue worker is running (1 process)
✓ [2025-10-29 18:36:18] Queue worker is running (1 process)
✓ [2025-10-29 18:36:28] Queue worker is running (1 process)
✓ [2025-10-29 18:36:38] Queue worker is running (1 process)
✓ [2025-10-29 18:36:48] Queue worker is running (1 process)
✓ [2025-10-29 18:52:07] Queue worker is running (1 process)
✓ [2025-10-29 19:24:59] Queue worker is running (1 process)
✓ [2025-10-29 19:37:16] Queue worker is running (1 process)
✓ [2025-10-29 19:37:26] Queue worker is running (1 process)
✓ [2025-10-29 19:37:36] Queue worker is running (1 process)
✓ [2025-10-29 19:37:46] Queue worker is running (1 process)
✓ [2025-10-29 19:54:55] Queue worker is running (1 process)
✓ [2025-10-29 20:28:20] Queue worker is running (1 process)
✓ [2025-10-29 20:28:30] Queue worker is running (1 process)
✓ [2025-10-29 20:28:40] Queue worker is running (1 process)
✓ [2025-10-29 20:38:12] Queue worker is running (1 process)
✓ [2025-10-29 20:38:22] Queue worker is running (1 process)
✓ [2025-10-29 20:38:32] Queue worker is running (1 process)
✓ [2025-10-29 20:54:48] Queue worker is running (1 process)
✓ [2025-10-29 21:27:07] Queue worker is running (1 process)
✓ [2025-10-29 21:39:15] Queue worker is running (1 process)
✓ [2025-10-29 21:39:25] Queue worker is running (1 process)
✓ [2025-10-29 21:39:35] Queue worker is running (1 process)
✓ [2025-10-29 21:39:46] Queue worker is running (1 process)
✓ [2025-10-29 21:55:36] Queue worker is running (1 process)
✓ [2025-10-29 22:14:10] Queue worker is running (1 process)
✓ [2025-10-29 22:14:20] Queue worker is running (1 process)
✓ [2025-10-29 22:14:30] Queue worker is running (1 process)
✓ [2025-10-29 22:14:40] Queue worker is running (1 process)
✓ [2025-10-29 22:14:50] Queue worker is running (1 process)
✓ [2025-10-29 22:31:21] Queue worker is running (1 process)
✓ [2025-10-29 22:40:16] Queue worker is running (1 process)
✓ [2025-10-29 22:40:26] Queue worker is running (1 process)
✓ [2025-10-29 22:40:37] Queue worker is running (1 process)
✓ [2025-10-29 22:40:47] Queue worker is running (1 process)
✓ [2025-10-29 22:58:05] Queue worker is running (1 process)
✓ [2025-10-29 23:15:23] Queue worker is running (1 process)
✓ [2025-10-29 23:15:34] Queue worker is running (1 process)
✓ [2025-10-29 23:15:44] Queue worker is running (1 process)
✓ [2025-10-29 23:15:54] Queue worker is running (1 process)
✓ [2025-10-29 23:16:04] Queue worker is running (1 process)
✓ [2025-10-29 23:41:08] Queue worker is running (1 process)
✓ [2025-10-29 23:41:18] Queue worker is running (1 process)
✓ [2025-10-29 23:41:28] Queue worker is running (1 process)
✓ [2025-10-29 23:41:38] Queue worker is running (1 process)
✓ [2025-10-29 23:41:48] Queue worker is running (1 process)
✓ [2025-10-29 23:57:03] Queue worker is running (1 process)
✓ [2025-10-30 00:07:02] Queue worker is running (1 process)
✓ [2025-10-30 00:07:12] Queue worker is running (1 process)
✓ [2025-10-30 00:07:22] Queue worker is running (1 process)
✓ [2025-10-30 00:24:35] Queue worker is running (1 process)
✓ [2025-10-30 00:42:11] Queue worker is running (1 process)
✓ [2025-10-30 00:42:21] Queue worker is running (1 process)
✓ [2025-10-30 00:42:31] Queue worker is running (1 process)
✓ [2025-10-30 00:42:41] Queue worker is running (1 process)
✓ [2025-10-30 00:42:51] Queue worker is running (1 process)
✓ [2025-10-30 01:17:41] Queue worker is running (1 process)
✓ [2025-10-30 01:51:58] Queue worker is running (1 process)
✓ [2025-10-30 02:22:38] Queue worker is running (1 process)
✓ [2025-10-30 02:55:14] Queue worker is running (1 process)
✓ [2025-10-30 03:05:12] Queue worker is running (1 process)
✓ [2025-10-30 03:05:23] Queue worker is running (1 process)
✓ [2025-10-30 03:05:33] Queue worker is running (1 process)
✓ [2025-10-30 03:05:43] Queue worker is running (1 process)
✓ [2025-10-30 03:05:53] Queue worker is running (1 process)
✓ [2025-10-30 03:31:29] Queue worker is running (1 process)
✓ [2025-10-30 03:31:40] Queue worker is running (1 process)
✓ [2025-10-30 03:31:50] Queue worker is running (1 process)
✓ [2025-10-30 03:32:00] Queue worker is running (1 process)
✓ [2025-10-30 03:32:10] Queue worker is running (1 process)
✓ [2025-10-30 03:47:33] Queue worker is running (1 process)
✓ [2025-10-30 03:47:43] Queue worker is running (1 process)
✓ [2025-10-30 03:47:54] Queue worker is running (1 process)
✓ [2025-10-30 03:48:04] Queue worker is running (1 process)
✓ [2025-10-30 04:03:37] Queue worker is running (1 process)
✓ [2025-10-30 04:03:48] Queue worker is running (1 process)
✓ [2025-10-30 04:03:58] Queue worker is running (1 process)
✓ [2025-10-30 04:04:08] Queue worker is running (1 process)
✓ [2025-10-30 04:04:18] Queue worker is running (1 process)
✓ [2025-10-30 04:04:28] Queue worker is running (1 process)
✓ [2025-10-30 04:33:49] Queue worker is running (1 process)
✓ [2025-10-30 04:33:59] Queue worker is running (1 process)
✓ [2025-10-30 04:34:09] Queue worker is running (1 process)
✓ [2025-10-30 04:34:19] Queue worker is running (1 process)
✓ [2025-10-30 04:34:29] Queue worker is running (1 process)
✓ [2025-10-30 05:07:23] Queue worker is running (1 process)
✓ [2025-10-30 05:39:55] Queue worker is running (1 process)
✓ [2025-10-30 06:10:29] Queue worker is running (1 process)
✓ [2025-10-30 06:26:03] Queue worker is running (1 process)
✓ [2025-10-30 06:34:56] Queue worker is running (1 process)
✓ [2025-10-30 06:35:06] Queue worker is running (1 process)
✓ [2025-10-30 06:35:17] Queue worker is running (1 process)
✓ [2025-10-30 06:35:27] Queue worker is running (1 process)
✓ [2025-10-30 06:51:45] Queue worker is running (1 process)
✓ [2025-10-30 06:51:58] Queue worker is running (1 process)
✓ [2025-10-30 06:52:08] Queue worker is running (1 process)
✓ [2025-10-30 06:52:18] Queue worker is running (1 process)
✓ [2025-10-30 06:52:28] Queue worker is running (1 process)
✓ [2025-10-30 07:07:39] Queue worker is running (1 process)
✓ [2025-10-30 07:07:49] Queue worker is running (1 process)
✓ [2025-10-30 07:07:59] Queue worker is running (1 process)
✓ [2025-10-30 07:08:10] Queue worker is running (1 process)
✓ [2025-10-30 07:08:20] Queue worker is running (1 process)
✓ [2025-10-30 07:24:02] Queue worker is running (1 process)
✓ [2025-10-30 07:35:57] Queue worker is running (1 process)
✓ [2025-10-30 07:36:08] Queue worker is running (1 process)
✓ [2025-10-30 08:11:17] Queue worker is running (1 process)
✓ [2025-10-30 08:20:00] Queue worker is running (1 process)
✓ [2025-10-30 08:20:10] Queue worker is running (1 process)
✓ [2025-10-30 08:20:20] Queue worker is running (1 process)
✓ [2025-10-30 08:20:30] Queue worker is running (1 process)
✓ [2025-10-30 08:20:41] Queue worker is running (1 process)
✓ [2025-10-30 08:36:58] Queue worker is running (1 process)
✓ [2025-10-30 08:37:08] Queue worker is running (1 process)
✓ [2025-10-30 08:37:18] Queue worker is running (1 process)
✓ [2025-10-30 08:37:28] Queue worker is running (1 process)
✓ [2025-10-30 08:53:59] Queue worker is running (1 process)
✓ [2025-10-30 09:27:13] Queue worker is running (1 process)
✓ [2025-10-30 09:37:56] Queue worker is running (1 process)
✓ [2025-10-30 09:38:06] Queue worker is running (1 process)
✓ [2025-10-30 09:38:17] Queue worker is running (1 process)
✓ [2025-10-30 09:38:27] Queue worker is running (1 process)
✓ [2025-10-30 09:55:24] Queue worker is running (1 process)
✓ [2025-10-30 10:26:17] Queue worker is running (1 process)
✓ [2025-10-30 10:38:58] Queue worker is running (1 process)
✓ [2025-10-30 10:39:08] Queue worker is running (1 process)
✓ [2025-10-30 10:39:18] Queue worker is running (1 process)
✓ [2025-10-30 10:39:29] Queue worker is running (1 process)
✓ [2025-10-30 10:54:46] Queue worker is running (1 process)
✓ [2025-10-30 11:28:28] Queue worker is running (1 process)
✓ [2025-10-30 11:39:57] Queue worker is running (1 process)
✓ [2025-10-30 11:40:07] Queue worker is running (1 process)
✓ [2025-10-30 11:40:17] Queue worker is running (1 process)
✓ [2025-10-30 11:40:27] Queue worker is running (1 process)
✓ [2025-10-30 11:40:37] Queue worker is running (1 process)
✓ [2025-10-30 11:55:48] Queue worker is running (1 process)
✓ [2025-10-30 11:55:58] Queue worker is running (1 process)
✓ [2025-10-30 11:56:08] Queue worker is running (1 process)
✓ [2025-10-30 11:56:18] Queue worker is running (1 process)
✓ [2025-10-30 12:11:55] Queue worker is running (1 process)
✓ [2025-10-30 12:40:54] Queue worker is running (1 process)
✓ [2025-10-30 12:41:04] Queue worker is running (1 process)
✓ [2025-10-30 12:41:15] Queue worker is running (1 process)
✓ [2025-10-30 12:41:25] Queue worker is running (1 process)
✓ [2025-10-30 12:41:35] Queue worker is running (1 process)
✓ [2025-10-30 13:13:58] Queue worker is running (1 process)
✓ [2025-10-30 13:29:45] Queue worker is running (1 process)
✓ [2025-10-30 13:42:03] Queue worker is running (1 process)
✓ [2025-10-30 13:42:13] Queue worker is running (1 process)
✓ [2025-10-30 13:42:24] Queue worker is running (1 process)
✓ [2025-10-30 13:42:34] Queue worker is running (1 process)
✓ [2025-10-30 13:59:40] Queue worker is running (1 process)
✓ [2025-10-30 14:32:35] Queue worker is running (1 process)
✓ [2025-10-30 14:43:01] Queue worker is running (1 process)
✓ [2025-10-30 14:43:11] Queue worker is running (1 process)
✓ [2025-10-30 14:43:22] Queue worker is running (1 process)
✓ [2025-10-30 14:43:32] Queue worker is running (1 process)
✓ [2025-10-30 15:00:27] Queue worker is running (1 process)
✓ [2025-10-30 15:16:57] Queue worker is running (1 process)
✓ [2025-10-30 15:44:00] Queue worker is running (1 process)
✓ [2025-10-30 15:44:10] Queue worker is running (1 process)
✓ [2025-10-30 15:44:20] Queue worker is running (1 process)
✓ [2025-10-30 15:44:30] Queue worker is running (1 process)
✓ [2025-10-30 15:44:40] Queue worker is running (1 process)
✓ [2025-10-30 16:17:56] Queue worker is running (1 process)
✓ [2025-10-30 16:33:03] Queue worker is running (1 process)
✓ [2025-10-30 16:33:13] Queue worker is running (1 process)
✓ [2025-10-30 16:33:23] Queue worker is running (1 process)
✓ [2025-10-30 16:33:33] Queue worker is running (1 process)
✓ [2025-10-30 16:35:13] Queue worker is running (1 process)
✓ [2025-10-30 16:35:23] Queue worker is running (1 process)
✓ [2025-10-30 16:35:33] Queue worker is running (1 process)
✓ [2025-10-30 16:35:44] Queue worker is running (1 process)
✓ [2025-10-30 16:35:54] Queue worker is running (1 process)
✓ [2025-10-30 16:45:01] Queue worker is running (1 process)
✓ [2025-10-30 16:45:11] Queue worker is running (1 process)
✓ [2025-10-30 16:45:21] Queue worker is running (1 process)
✓ [2025-10-30 16:45:31] Queue worker is running (1 process)
✓ [2025-10-30 17:17:44] Queue worker is running (1 process)
✓ [2025-10-30 17:46:00] Queue worker is running (1 process)
✓ [2025-10-30 17:46:10] Queue worker is running (1 process)
✓ [2025-10-30 17:46:20] Queue worker is running (1 process)
✓ [2025-10-30 17:46:30] Queue worker is running (1 process)
✓ [2025-10-30 17:46:40] Queue worker is running (1 process)
✓ [2025-10-30 18:19:40] Queue worker is running (1 process)
✓ [2025-10-30 18:37:29] Queue worker is running (1 process)
✓ [2025-10-30 18:47:08] Queue worker is running (1 process)
✓ [2025-10-30 18:47:18] Queue worker is running (1 process)
✓ [2025-10-30 18:47:28] Queue worker is running (1 process)
✓ [2025-10-30 18:47:39] Queue worker is running (1 process)
✓ [2025-10-30 19:22:07] Queue worker is running (1 process)
✓ [2025-10-30 19:48:02] Queue worker is running (1 process)
✓ [2025-10-30 19:48:12] Queue worker is running (1 process)
✓ [2025-10-30 19:48:22] Queue worker is running (1 process)
✓ [2025-10-30 19:48:32] Queue worker is running (1 process)
✓ [2025-10-30 19:48:42] Queue worker is running (1 process)
✓ [2025-10-30 20:20:09] Queue worker is running (1 process)
✓ [2025-10-30 20:49:03] Queue worker is running (1 process)
✓ [2025-10-30 20:49:13] Queue worker is running (1 process)
✓ [2025-10-30 20:49:24] Queue worker is running (1 process)
✓ [2025-10-30 20:49:34] Queue worker is running (1 process)
✓ [2025-10-30 20:49:44] Queue worker is running (1 process)
✓ [2025-10-30 21:20:16] Queue worker is running (1 process)
✓ [2025-10-30 21:20:26] Queue worker is running (1 process)
✓ [2025-10-30 21:20:36] Queue worker is running (1 process)
✓ [2025-10-30 21:20:46] Queue worker is running (1 process)
✓ [2025-10-30 21:20:56] Queue worker is running (1 process)
✓ [2025-10-30 21:42:59] Queue worker is running (1 process)
✓ [2025-10-30 21:43:09] Queue worker is running (1 process)
✓ [2025-10-30 21:43:20] Queue worker is running (1 process)
✓ [2025-10-30 21:43:30] Queue worker is running (1 process)
✓ [2025-10-30 21:43:40] Queue worker is running (1 process)
✓ [2025-10-30 21:50:03] Queue worker is running (1 process)
✓ [2025-10-30 21:50:13] Queue worker is running (1 process)
✓ [2025-10-30 21:50:23] Queue worker is running (1 process)
✓ [2025-10-30 21:50:34] Queue worker is running (1 process)
✓ [2025-10-30 21:50:44] Queue worker is running (1 process)
✓ [2025-10-30 21:59:38] Queue worker is running (1 process)
✓ [2025-10-30 21:59:48] Queue worker is running (1 process)
✓ [2025-10-30 22:17:50] Queue worker is running (1 process)
✓ [2025-10-30 22:50:02] Queue worker is running (1 process)
✓ [2025-10-30 23:24:49] Queue worker is running (1 process)
✓ [2025-10-30 23:51:03] Queue worker is running (1 process)
✓ [2025-10-30 23:51:13] Queue worker is running (1 process)
✓ [2025-10-30 23:51:23] Queue worker is running (1 process)
✓ [2025-10-30 23:51:33] Queue worker is running (1 process)
✓ [2025-10-30 23:51:43] Queue worker is running (1 process)
✓ [2025-10-31 00:07:32] Queue worker is running (1 process)
✓ [2025-10-31 00:39:36] Queue worker is running (1 process)
✓ [2025-10-31 00:46:04] Queue worker is running (1 process)
✓ [2025-10-31 00:46:14] Queue worker is running (1 process)
✓ [2025-10-31 00:46:24] Queue worker is running (1 process)
✓ [2025-10-31 00:46:34] Queue worker is running (1 process)
✓ [2025-10-31 00:52:04] Queue worker is running (1 process)
✓ [2025-10-31 00:52:14] Queue worker is running (1 process)
✓ [2025-10-31 00:52:24] Queue worker is running (1 process)
✓ [2025-10-31 00:52:34] Queue worker is running (1 process)
✓ [2025-10-31 00:52:44] Queue worker is running (1 process)
✓ [2025-10-31 01:08:40] Queue worker is running (1 process)
✓ [2025-10-31 01:40:13] Queue worker is running (1 process)
✓ [2025-10-31 02:13:52] Queue worker is running (1 process)
✓ [2025-10-31 02:48:00] Queue worker is running (1 process)
✓ [2025-10-31 03:20:44] Queue worker is running (1 process)
✓ [2025-10-31 03:55:39] Queue worker is running (1 process)
✓ [2025-10-31 04:28:46] Queue worker is running (1 process)
✓ [2025-10-31 04:45:09] Queue worker is running (1 process)
✓ [2025-10-31 04:45:19] Queue worker is running (1 process)
✓ [2025-10-31 04:45:29] Queue worker is running (1 process)
✓ [2025-10-31 04:45:39] Queue worker is running (1 process)
✓ [2025-10-31 05:01:25] Queue worker is running (1 process)
✓ [2025-10-31 05:17:06] Queue worker is running (1 process)
✓ [2025-10-31 05:51:49] Queue worker is running (1 process)
✓ [2025-10-31 06:26:26] Queue worker is running (1 process)
✓ [2025-10-31 06:46:05] Queue worker is running (1 process)
✓ [2025-10-31 06:46:15] Queue worker is running (1 process)
✓ [2025-10-31 06:46:25] Queue worker is running (1 process)
✓ [2025-10-31 06:46:35] Queue worker is running (1 process)
✓ [2025-10-31 06:46:45] Queue worker is running (1 process)
✓ [2025-10-31 07:18:49] Queue worker is running (1 process)
✓ [2025-10-31 07:47:03] Queue worker is running (1 process)
✓ [2025-10-31 07:47:13] Queue worker is running (1 process)
✓ [2025-10-31 07:47:23] Queue worker is running (1 process)
✓ [2025-10-31 07:47:33] Queue worker is running (1 process)
✓ [2025-10-31 07:47:43] Queue worker is running (1 process)
✓ [2025-10-31 07:47:57] Queue worker is running (1 process)
✓ [2025-10-31 07:48:07] Queue worker is running (1 process)
✓ [2025-10-31 07:48:17] Queue worker is running (1 process)
✓ [2025-10-31 07:48:27] Queue worker is running (1 process)
✓ [2025-10-31 07:48:37] Queue worker is running (1 process)
✓ [2025-10-31 08:22:16] Queue worker is running (1 process)
✓ [2025-10-31 08:48:06] Queue worker is running (1 process)
✓ [2025-10-31 08:48:16] Queue worker is running (1 process)
✓ [2025-10-31 08:48:26] Queue worker is running (1 process)
✓ [2025-10-31 08:48:36] Queue worker is running (1 process)
✓ [2025-10-31 08:48:46] Queue worker is running (1 process)
✓ [2025-10-31 08:59:03] Queue worker is running (1 process)
✓ [2025-10-31 08:59:13] Queue worker is running (1 process)
✓ [2025-10-31 08:59:23] Queue worker is running (1 process)
✓ [2025-10-31 08:59:33] Queue worker is running (1 process)
✓ [2025-10-31 09:15:34] Queue worker is running (1 process)
✓ [2025-10-31 09:31:43] Queue worker is running (1 process)
✓ [2025-10-31 09:49:07] Queue worker is running (1 process)
✓ [2025-10-31 09:49:17] Queue worker is running (1 process)
✓ [2025-10-31 09:49:27] Queue worker is running (1 process)
✓ [2025-10-31 09:49:37] Queue worker is running (1 process)
✓ [2025-10-31 09:49:47] Queue worker is running (1 process)
✓ [2025-10-31 10:23:21] Queue worker is running (1 process)
✓ [2025-10-31 10:50:04] Queue worker is running (1 process)
✓ [2025-10-31 10:50:15] Queue worker is running (1 process)
✓ [2025-10-31 10:50:25] Queue worker is running (1 process)
✓ [2025-10-31 10:50:35] Queue worker is running (1 process)
✓ [2025-10-31 10:50:45] Queue worker is running (1 process)
✓ [2025-10-31 11:23:31] Queue worker is running (1 process)
✓ [2025-10-31 11:51:06] Queue worker is running (1 process)
✓ [2025-10-31 11:51:16] Queue worker is running (1 process)
✓ [2025-10-31 11:51:26] Queue worker is running (1 process)
✓ [2025-10-31 11:51:36] Queue worker is running (1 process)
✓ [2025-10-31 11:51:46] Queue worker is running (1 process)
✓ [2025-10-31 12:23:53] Queue worker is running (1 process)
✓ [2025-10-31 12:52:04] Queue worker is running (1 process)
✓ [2025-10-31 12:52:15] Queue worker is running (1 process)
✓ [2025-10-31 12:52:25] Queue worker is running (1 process)
✓ [2025-10-31 12:52:35] Queue worker is running (1 process)
✓ [2025-10-31 12:52:45] Queue worker is running (1 process)
✓ [2025-10-31 13:24:57] Queue worker is running (1 process)
✓ [2025-10-31 13:53:02] Queue worker is running (1 process)
✓ [2025-10-31 13:53:12] Queue worker is running (1 process)
✓ [2025-10-31 13:53:22] Queue worker is running (1 process)
✓ [2025-10-31 13:53:33] Queue worker is running (1 process)
✓ [2025-10-31 13:53:43] Queue worker is running (1 process)
✓ [2025-10-31 14:10:30] Queue worker is running (1 process)
✓ [2025-10-31 14:44:03] Queue worker is running (1 process)
✓ [2025-10-31 14:54:10] Queue worker is running (1 process)
✓ [2025-10-31 14:54:20] Queue worker is running (1 process)
✓ [2025-10-31 14:54:30] Queue worker is running (1 process)
✓ [2025-10-31 14:54:40] Queue worker is running (1 process)
✓ [2025-10-31 15:11:37] Queue worker is running (1 process)
✓ [2025-10-31 15:44:56] Queue worker is running (1 process)
✓ [2025-10-31 15:55:08] Queue worker is running (1 process)
✓ [2025-10-31 15:55:18] Queue worker is running (1 process)
✓ [2025-10-31 15:55:28] Queue worker is running (1 process)
✓ [2025-10-31 15:55:38] Queue worker is running (1 process)
✓ [2025-10-31 15:55:48] Queue worker is running (1 process)
✓ [2025-10-31 16:28:00] Queue worker is running (1 process)
✓ [2025-10-31 16:56:06] Queue worker is running (1 process)
✓ [2025-10-31 16:56:16] Queue worker is running (1 process)
✓ [2025-10-31 16:56:26] Queue worker is running (1 process)
✓ [2025-10-31 16:56:36] Queue worker is running (1 process)
✓ [2025-10-31 16:56:46] Queue worker is running (1 process)
✓ [2025-10-31 17:12:03] Queue worker is running (1 process)
✓ [2025-10-31 17:12:13] Queue worker is running (1 process)
✓ [2025-10-31 17:12:23] Queue worker is running (1 process)
✓ [2025-10-31 17:12:33] Queue worker is running (1 process)
✓ [2025-10-31 17:29:51] Queue worker is running (1 process)
✓ [2025-10-31 17:47:14] Queue worker is running (1 process)
✓ [2025-10-31 17:57:12] Queue worker is running (1 process)
✓ [2025-10-31 17:57:22] Queue worker is running (1 process)
✓ [2025-10-31 17:57:32] Queue worker is running (1 process)
✓ [2025-10-31 17:57:42] Queue worker is running (1 process)
✓ [2025-10-31 18:13:24] Queue worker is running (1 process)
✓ [2025-10-31 18:46:01] Queue worker is running (1 process)
✓ [2025-10-31 18:58:10] Queue worker is running (1 process)
✓ [2025-10-31 18:58:20] Queue worker is running (1 process)
✓ [2025-10-31 18:58:30] Queue worker is running (1 process)
✓ [2025-10-31 18:58:40] Queue worker is running (1 process)
✓ [2025-10-31 19:14:29] Queue worker is running (1 process)
✓ [2025-10-31 19:46:22] Queue worker is running (1 process)
✓ [2025-10-31 19:59:07] Queue worker is running (1 process)
✓ [2025-10-31 19:59:17] Queue worker is running (1 process)
✓ [2025-10-31 19:59:28] Queue worker is running (1 process)
✓ [2025-10-31 19:59:38] Queue worker is running (1 process)
✓ [2025-10-31 20:16:00] Queue worker is running (1 process)
✓ [2025-10-31 20:49:38] Queue worker is running (1 process)
✓ [2025-10-31 21:00:10] Queue worker is running (1 process)
✓ [2025-10-31 21:00:20] Queue worker is running (1 process)
✓ [2025-10-31 21:00:30] Queue worker is running (1 process)
✓ [2025-10-31 21:00:40] Queue worker is running (1 process)
✓ [2025-10-31 21:17:25] Queue worker is running (1 process)
✓ [2025-10-31 21:50:00] Queue worker is running (1 process)
✓ [2025-10-31 22:01:07] Queue worker is running (1 process)
✓ [2025-10-31 22:01:17] Queue worker is running (1 process)
✓ [2025-10-31 22:01:28] Queue worker is running (1 process)
✓ [2025-10-31 22:01:38] Queue worker is running (1 process)
✓ [2025-10-31 22:01:48] Queue worker is running (1 process)
✓ [2025-10-31 22:37:03] Queue worker is running (1 process)
✓ [2025-10-31 23:02:05] Queue worker is running (1 process)
✓ [2025-10-31 23:02:15] Queue worker is running (1 process)
✓ [2025-10-31 23:02:25] Queue worker is running (1 process)
✓ [2025-10-31 23:02:35] Queue worker is running (1 process)
✓ [2025-10-31 23:02:45] Queue worker is running (1 process)
✓ [2025-10-31 23:33:13] Queue worker is running (1 process)
✓ [2025-11-01 00:03:03] Queue worker is running (1 process)
✓ [2025-11-01 00:03:13] Queue worker is running (1 process)
✓ [2025-11-01 00:03:23] Queue worker is running (1 process)
✓ [2025-11-01 00:03:33] Queue worker is running (1 process)
✓ [2025-11-01 00:03:43] Queue worker is running (1 process)
✓ [2025-11-01 00:19:40] Queue worker is running (1 process)
✓ [2025-11-01 00:52:09] Queue worker is running (1 process)
✓ [2025-11-01 01:24:59] Queue worker is running (1 process)
✓ [2025-11-01 01:25:09] Queue worker is running (1 process)
✓ [2025-11-01 01:25:19] Queue worker is running (1 process)
✓ [2025-11-01 01:25:29] Queue worker is running (1 process)
✓ [2025-11-01 01:25:39] Queue worker is running (1 process)
✓ [2025-11-01 02:00:40] Queue worker is running (1 process)
✓ [2025-11-01 02:33:51] Queue worker is running (1 process)
✓ [2025-11-01 03:07:56] Queue worker is running (1 process)
✓ [2025-11-01 03:24:02] Queue worker is running (1 process)
✓ [2025-11-01 03:56:02] Queue worker is running (1 process)
✓ [2025-11-01 03:56:12] Queue worker is running (1 process)
✓ [2025-11-01 03:56:22] Queue worker is running (1 process)
✓ [2025-11-01 03:56:32] Queue worker is running (1 process)
✓ [2025-11-01 03:56:42] Queue worker is running (1 process)
✓ [2025-11-01 04:29:41] Queue worker is running (1 process)
✓ [2025-11-01 05:03:00] Queue worker is running (1 process)
✓ [2025-11-01 05:37:01] Queue worker is running (1 process)
✓ [2025-11-01 05:56:58] Queue worker is running (1 process)
✓ [2025-11-01 05:57:08] Queue worker is running (1 process)
✓ [2025-11-01 05:57:18] Queue worker is running (1 process)
✓ [2025-11-01 05:57:29] Queue worker is running (1 process)
✓ [2025-11-01 05:57:39] Queue worker is running (1 process)
✓ [2025-11-01 06:15:28] Queue worker is running (1 process)
✓ [2025-11-01 06:50:19] Queue worker is running (1 process)
✓ [2025-11-01 06:58:06] Queue worker is running (1 process)
✓ [2025-11-01 06:58:16] Queue worker is running (1 process)
✓ [2025-11-01 06:58:26] Queue worker is running (1 process)
✓ [2025-11-01 06:58:36] Queue worker is running (1 process)
✓ [2025-11-01 07:14:15] Queue worker is running (1 process)
✓ [2025-11-01 07:47:31] Queue worker is running (1 process)
✓ [2025-11-01 07:59:04] Queue worker is running (1 process)
✓ [2025-11-01 07:59:14] Queue worker is running (1 process)
✓ [2025-11-01 07:59:24] Queue worker is running (1 process)
✓ [2025-11-01 07:59:34] Queue worker is running (1 process)
✓ [2025-11-01 08:17:04] Queue worker is running (1 process)
✓ [2025-11-01 08:47:41] Queue worker is running (1 process)
✓ [2025-11-01 09:00:05] Queue worker is running (1 process)
✓ [2025-11-01 09:00:15] Queue worker is running (1 process)
✓ [2025-11-01 09:00:25] Queue worker is running (1 process)
✓ [2025-11-01 09:00:35] Queue worker is running (1 process)
✓ [2025-11-01 09:17:22] Queue worker is running (1 process)
✓ [2025-11-01 09:34:14] Queue worker is running (1 process)
✓ [2025-11-01 09:38:06] Queue worker is running (1 process)
✓ [2025-11-01 09:38:16] Queue worker is running (1 process)
✓ [2025-11-01 09:38:26] Queue worker is running (1 process)
✓ [2025-11-01 09:54:15] Queue worker is running (1 process)
✓ [2025-11-01 10:01:06] Queue worker is running (1 process)
✓ [2025-11-01 10:01:16] Queue worker is running (1 process)
✓ [2025-11-01 10:01:26] Queue worker is running (1 process)
✓ [2025-11-01 10:01:36] Queue worker is running (1 process)
✓ [2025-11-01 10:18:18] Queue worker is running (1 process)
✓ [2025-11-01 10:49:09] Queue worker is running (1 process)
✓ [2025-11-01 11:02:04] Queue worker is running (1 process)
✓ [2025-11-01 11:02:14] Queue worker is running (1 process)
✓ [2025-11-01 11:02:24] Queue worker is running (1 process)
✓ [2025-11-01 11:19:56] Queue worker is running (1 process)
✓ [2025-11-01 11:29:25] Queue worker is running (1 process)
✓ [2025-11-01 11:29:35] Queue worker is running (1 process)
✓ [2025-11-01 11:29:45] Queue worker is running (1 process)
✓ [2025-11-01 11:29:55] Queue worker is running (1 process)
✓ [2025-11-01 11:47:37] Queue worker is running (1 process)
✓ [2025-11-01 12:03:04] Queue worker is running (1 process)
✓ [2025-11-01 12:03:14] Queue worker is running (1 process)
✓ [2025-11-01 12:03:24] Queue worker is running (1 process)
✓ [2025-11-01 12:34:50] Queue worker is running (1 process)
✓ [2025-11-01 13:03:59] Queue worker is running (1 process)
✓ [2025-11-01 13:04:09] Queue worker is running (1 process)
✓ [2025-11-01 13:04:19] Queue worker is running (1 process)
✓ [2025-11-01 13:04:29] Queue worker is running (1 process)
✓ [2025-11-01 13:04:39] Queue worker is running (1 process)
✓ [2025-11-01 13:20:06] Queue worker is running (1 process)
✓ [2025-11-01 13:55:03] Queue worker is running (1 process)
✓ [2025-11-01 14:05:07] Queue worker is running (1 process)
✓ [2025-11-01 14:05:17] Queue worker is running (1 process)
✓ [2025-11-01 14:05:27] Queue worker is running (1 process)
✓ [2025-11-01 14:05:37] Queue worker is running (1 process)
✓ [2025-11-01 14:21:27] Queue worker is running (1 process)
✓ [2025-11-01 14:55:30] Queue worker is running (1 process)
✓ [2025-11-01 15:06:05] Queue worker is running (1 process)
✓ [2025-11-01 15:06:15] Queue worker is running (1 process)
✓ [2025-11-01 15:06:25] Queue worker is running (1 process)
✓ [2025-11-01 15:06:35] Queue worker is running (1 process)
✓ [2025-11-01 15:22:46] Queue worker is running (1 process)
✓ [2025-11-01 15:54:30] Queue worker is running (1 process)
✓ [2025-11-01 16:07:05] Queue worker is running (1 process)
✓ [2025-11-01 16:07:15] Queue worker is running (1 process)
✓ [2025-11-01 16:07:25] Queue worker is running (1 process)
✓ [2025-11-01 16:07:35] Queue worker is running (1 process)
✓ [2025-11-01 16:24:54] Queue worker is running (1 process)
✓ [2025-11-01 16:40:32] Queue worker is running (1 process)
✓ [2025-11-01 17:08:03] Queue worker is running (1 process)
✓ [2025-11-01 17:08:13] Queue worker is running (1 process)
✓ [2025-11-01 17:08:23] Queue worker is running (1 process)
✓ [2025-11-01 17:40:57] Queue worker is running (1 process)
✓ [2025-11-01 17:51:02] Queue worker is running (1 process)
✓ [2025-11-01 17:51:12] Queue worker is running (1 process)
✓ [2025-11-01 17:51:22] Queue worker is running (1 process)
✓ [2025-11-01 17:51:32] Queue worker is running (1 process)
✓ [2025-11-01 17:51:42] Queue worker is running (1 process)
✓ [2025-11-01 18:26:01] Queue worker is running (1 process)
✓ [2025-11-01 18:58:03] Queue worker is running (1 process)
✓ [2025-11-01 19:09:48] Queue worker is running (1 process)
✓ [2025-11-01 19:09:58] Queue worker is running (1 process)
✓ [2025-11-01 19:10:09] Queue worker is running (1 process)
✓ [2025-11-01 19:10:19] Queue worker is running (1 process)
✓ [2025-11-01 19:26:11] Queue worker is running (1 process)
✓ [2025-11-01 20:00:21] Queue worker is running (1 process)
✓ [2025-11-01 20:10:46] Queue worker is running (1 process)
✓ [2025-11-01 20:10:56] Queue worker is running (1 process)
✓ [2025-11-01 20:11:06] Queue worker is running (1 process)
✓ [2025-11-01 20:11:16] Queue worker is running (1 process)
✓ [2025-11-01 20:11:26] Queue worker is running (1 process)
✓ [2025-11-01 20:45:03] Queue worker is running (1 process)
✓ [2025-11-01 21:17:49] Queue worker is running (1 process)
✓ [2025-11-01 21:51:14] Queue worker is running (1 process)
✓ [2025-11-01 22:24:40] Queue worker is running (1 process)
✓ [2025-11-01 22:42:43] Queue worker is running (1 process)
✓ [2025-11-01 22:42:53] Queue worker is running (1 process)
✓ [2025-11-01 22:43:03] Queue worker is running (1 process)
✓ [2025-11-01 22:43:14] Queue worker is running (1 process)
✓ [2025-11-01 22:59:07] Queue worker is running (1 process)
✓ [2025-11-01 23:32:00] Queue worker is running (1 process)
✓ [2025-11-02 00:05:25] Queue worker is running (1 process)
✓ [2025-11-02 00:37:10] Queue worker is running (1 process)
✓ [2025-11-02 00:42:16] Queue worker is running (1 process)
✓ [2025-11-02 00:42:26] Queue worker is running (1 process)
✓ [2025-11-02 00:42:36] Queue worker is running (1 process)
✓ [2025-11-02 00:42:46] Queue worker is running (1 process)
✓ [2025-11-02 00:42:56] Queue worker is running (1 process)
✓ [2025-11-02 00:51:44] Queue worker is running (1 process)
✓ [2025-11-02 00:51:54] Queue worker is running (1 process)
✓ [2025-11-02 00:52:04] Queue worker is running (1 process)
✓ [2025-11-02 00:52:15] Queue worker is running (1 process)
✓ [2025-11-02 01:09:35] Queue worker is running (1 process)
✓ [2025-11-02 01:42:53] Queue worker is running (1 process)
✓ [2025-11-02 02:03:58] Queue worker is running (1 process)
✓ [2025-11-02 02:04:08] Queue worker is running (1 process)
✓ [2025-11-02 02:04:19] Queue worker is running (1 process)
✓ [2025-11-02 02:04:29] Queue worker is running (1 process)
✓ [2025-11-02 02:04:39] Queue worker is running (1 process)
✓ [2025-11-02 02:37:55] Queue worker is running (1 process)
✓ [2025-11-02 03:12:38] Queue worker is running (1 process)
✓ [2025-11-02 03:44:29] Queue worker is running (1 process)
✓ [2025-11-02 03:51:36] Queue worker is running (1 process)
✓ [2025-11-02 03:51:46] Queue worker is running (1 process)
✓ [2025-11-02 03:51:56] Queue worker is running (1 process)
✓ [2025-11-02 03:52:06] Queue worker is running (1 process)
✓ [2025-11-02 03:52:16] Queue worker is running (1 process)
✓ [2025-11-02 04:25:14] Queue worker is running (1 process)
✓ [2025-11-02 04:57:01] Queue worker is running (1 process)
✓ [2025-11-02 05:29:49] Queue worker is running (1 process)
✓ [2025-11-02 05:52:33] Queue worker is running (1 process)
✓ [2025-11-02 05:52:43] Queue worker is running (1 process)
✓ [2025-11-02 05:52:54] Queue worker is running (1 process)
✓ [2025-11-02 05:53:04] Queue worker is running (1 process)
✓ [2025-11-02 06:08:38] Queue worker is running (1 process)
✓ [2025-11-02 06:24:18] Queue worker is running (1 process)
✓ [2025-11-02 06:53:36] Queue worker is running (1 process)
✓ [2025-11-02 06:53:46] Queue worker is running (1 process)
✓ [2025-11-02 07:10:17] Queue worker is running (1 process)
✓ [2025-11-02 07:32:06] Queue worker is running (1 process)
✓ [2025-11-02 07:32:16] Queue worker is running (1 process)
✓ [2025-11-02 07:32:26] Queue worker is running (1 process)
✓ [2025-11-02 07:32:36] Queue worker is running (1 process)
✓ [2025-11-02 07:32:46] Queue worker is running (1 process)
✓ [2025-11-02 07:49:59] Queue worker is running (1 process)
✓ [2025-11-02 07:54:41] Queue worker is running (1 process)
✓ [2025-11-02 07:54:51] Queue worker is running (1 process)
✓ [2025-11-02 07:55:01] Queue worker is running (1 process)
✓ [2025-11-02 07:55:11] Queue worker is running (1 process)
✓ [2025-11-02 08:11:34] Queue worker is running (1 process)
✓ [2025-11-02 08:46:14] Queue worker is running (1 process)
✓ [2025-11-02 08:55:38] Queue worker is running (1 process)
✓ [2025-11-02 08:55:48] Queue worker is running (1 process)
✓ [2025-11-02 08:55:58] Queue worker is running (1 process)
✓ [2025-11-02 08:56:08] Queue worker is running (1 process)
✓ [2025-11-02 09:13:24] Queue worker is running (1 process)
✓ [2025-11-02 09:13:35] Queue worker is running (1 process)
✓ [2025-11-02 09:13:45] Queue worker is running (1 process)
✓ [2025-11-02 09:56:32] Queue worker is running (1 process)
✓ [2025-11-02 09:56:42] Queue worker is running (1 process)
✓ [2025-11-02 09:56:52] Queue worker is running (1 process)
✓ [2025-11-02 09:57:02] Queue worker is running (1 process)
✓ [2025-11-02 09:57:12] Queue worker is running (1 process)
✓ [2025-11-02 10:16:56] Queue worker is running (1 process)
✓ [2025-11-02 10:17:06] Queue worker is running (1 process)
✓ [2025-11-02 10:17:16] Queue worker is running (1 process)
✓ [2025-11-02 10:17:26] Queue worker is running (1 process)
✓ [2025-11-02 10:17:37] Queue worker is running (1 process)
✓ [2025-11-02 10:49:43] Queue worker is running (1 process)
✓ [2025-11-02 10:57:40] Queue worker is running (1 process)
✓ [2025-11-02 11:30:40] Queue worker is running (1 process)
✓ [2025-11-02 11:58:35] Queue worker is running (1 process)
✓ [2025-11-02 11:58:45] Queue worker is running (1 process)
✓ [2025-11-02 11:58:55] Queue worker is running (1 process)
✓ [2025-11-02 11:59:05] Queue worker is running (1 process)
✓ [2025-11-02 11:59:15] Queue worker is running (1 process)
✓ [2025-11-02 12:27:03] Queue worker is running (1 process)
✓ [2025-11-02 12:27:13] Queue worker is running (1 process)
✓ [2025-11-02 12:27:23] Queue worker is running (1 process)
✓ [2025-11-02 12:27:33] Queue worker is running (1 process)
✓ [2025-11-02 12:27:44] Queue worker is running (1 process)
✓ [2025-11-02 12:59:34] Queue worker is running (1 process)
✓ [2025-11-02 12:59:44] Queue worker is running (1 process)
✓ [2025-11-02 12:59:54] Queue worker is running (1 process)
✓ [2025-11-02 13:33:58] Queue worker is running (1 process)
✓ [2025-11-02 14:00:34] Queue worker is running (1 process)
✓ [2025-11-02 14:00:44] Queue worker is running (1 process)
✓ [2025-11-02 14:00:54] Queue worker is running (1 process)
✓ [2025-11-02 14:01:04] Queue worker is running (1 process)
✓ [2025-11-02 14:01:14] Queue worker is running (1 process)
✓ [2025-11-02 14:34:41] Queue worker is running (1 process)
✓ [2025-11-02 15:01:36] Queue worker is running (1 process)
✓ [2025-11-02 15:01:46] Queue worker is running (1 process)
✓ [2025-11-02 15:01:56] Queue worker is running (1 process)
✓ [2025-11-02 15:51:02] Queue worker is running (1 process)
✓ [2025-11-02 16:02:38] Queue worker is running (1 process)
✓ [2025-11-02 16:02:48] Queue worker is running (1 process)
✓ [2025-11-02 16:02:58] Queue worker is running (1 process)
✓ [2025-11-02 16:03:08] Queue worker is running (1 process)
✓ [2025-11-02 16:18:17] Queue worker is running (1 process)
✓ [2025-11-02 16:49:35] Queue worker is running (1 process)
✓ [2025-11-02 17:03:40] Queue worker is running (1 process)
✓ [2025-11-02 17:03:50] Queue worker is running (1 process)
✓ [2025-11-02 17:04:00] Queue worker is running (1 process)
✓ [2025-11-02 17:04:10] Queue worker is running (1 process)
✓ [2025-11-02 17:21:42] Queue worker is running (1 process)
✓ [2025-11-02 18:04:31] Queue worker is running (1 process)
✓ [2025-11-02 18:04:41] Queue worker is running (1 process)
✓ [2025-11-02 18:04:52] Queue worker is running (1 process)
✓ [2025-11-02 18:05:02] Queue worker is running (1 process)
✓ [2025-11-02 18:05:12] Queue worker is running (1 process)
✓ [2025-11-02 18:29:56] Queue worker is running (1 process)
✓ [2025-11-02 18:30:06] Queue worker is running (1 process)
✓ [2025-11-02 18:46:16] Queue worker is running (1 process)
✓ [2025-11-02 19:05:33] Queue worker is running (1 process)
✓ [2025-11-02 19:05:43] Queue worker is running (1 process)
✓ [2025-11-02 19:21:01] Queue worker is running (1 process)
✓ [2025-11-02 19:52:13] Queue worker is running (1 process)
✓ [2025-11-02 20:06:39] Queue worker is running (1 process)
✓ [2025-11-02 20:06:49] Queue worker is running (1 process)
✓ [2025-11-02 20:07:00] Queue worker is running (1 process)
✓ [2025-11-02 20:07:10] Queue worker is running (1 process)
✓ [2025-11-02 20:24:39] Queue worker is running (1 process)
✓ [2025-11-02 21:07:31] Queue worker is running (1 process)
✓ [2025-11-02 21:07:41] Queue worker is running (1 process)
✓ [2025-11-02 21:07:51] Queue worker is running (1 process)
✓ [2025-11-02 21:08:01] Queue worker is running (1 process)
✓ [2025-11-02 21:08:11] Queue worker is running (1 process)
✓ [2025-11-02 21:23:26] Queue worker is running (1 process)
✓ [2025-11-02 22:08:34] Queue worker is running (1 process)
✓ [2025-11-02 22:08:44] Queue worker is running (1 process)
✓ [2025-11-02 22:08:54] Queue worker is running (1 process)
✓ [2025-11-02 22:24:18] Queue worker is running (1 process)
✓ [2025-11-02 22:56:30] Queue worker is running (1 process)
✓ [2025-11-02 23:46:42] Queue worker is running (1 process)
✓ [2025-11-03 00:19:23] Queue worker is running (1 process)
✓ [2025-11-03 01:10:36] Queue worker is running (1 process)
✓ [2025-11-03 01:41:57] Queue worker is running (1 process)
✓ [2025-11-03 02:07:59] Queue worker is running (1 process)
✓ [2025-11-03 02:08:09] Queue worker is running (1 process)
✓ [2025-11-03 02:24:47] Queue worker is running (1 process)
✓ [2025-11-03 02:43:02] Queue worker is running (1 process)
✓ [2025-11-03 02:43:12] Queue worker is running (1 process)
✓ [2025-11-03 03:00:34] Queue worker is running (1 process)
✓ [2025-11-03 03:52:37] Queue worker is running (1 process)
✓ [2025-11-03 04:43:15] Queue worker is running (1 process)
✓ [2025-11-03 05:17:09] Queue worker is running (1 process)
✓ [2025-11-03 05:53:02] Queue worker is running (1 process)
✓ [2025-11-03 05:53:12] Queue worker is running (1 process)
✓ [2025-11-03 05:53:22] Queue worker is running (1 process)
✓ [2025-11-03 05:53:32] Queue worker is running (1 process)
✓ [2025-11-03 05:53:42] Queue worker is running (1 process)
✓ [2025-11-03 06:27:48] Queue worker is running (1 process)
✓ [2025-11-03 07:00:55] Queue worker is running (1 process)
✓ [2025-11-03 07:35:47] Queue worker is running (1 process)
✓ [2025-11-03 07:35:57] Queue worker is running (1 process)
✓ [2025-11-03 07:52:59] Queue worker is running (1 process)
✓ [2025-11-03 07:54:11] Queue worker is running (1 process)
✓ [2025-11-03 07:54:21] Queue worker is running (1 process)
✓ [2025-11-03 07:54:31] Queue worker is running (1 process)
✓ [2025-11-03 07:54:41] Queue worker is running (1 process)
✓ [2025-11-03 08:08:07] Queue worker is running (1 process)
✓ [2025-11-03 08:08:17] Queue worker is running (1 process)
✓ [2025-11-03 08:08:27] Queue worker is running (1 process)
✓ [2025-11-03 08:08:37] Queue worker is running (1 process)
✓ [2025-11-03 08:08:47] Queue worker is running (1 process)
✓ [2025-11-03 08:39:32] Queue worker is running (1 process)
✓ [2025-11-03 09:01:51] Queue worker is running (1 process)
✓ [2025-11-03 09:02:02] Queue worker is running (1 process)
✓ [2025-11-03 09:02:12] Queue worker is running (1 process)
✓ [2025-11-03 09:02:22] Queue worker is running (1 process)
✓ [2025-11-03 09:02:32] Queue worker is running (1 process)
✓ [2025-11-03 09:02:42] Queue worker is running (1 process)
✓ [2025-11-03 09:02:52] Queue worker is running (1 process)
✓ [2025-11-03 09:03:02] Queue worker is running (1 process)
✓ [2025-11-03 09:03:12] Queue worker is running (1 process)
✓ [2025-11-03 09:03:22] Queue worker is running (1 process)
✓ [2025-11-03 09:03:32] Queue worker is running (1 process)
✓ [2025-11-03 09:03:43] Queue worker is running (1 process)
✓ [2025-11-03 09:03:53] Queue worker is running (1 process)
✓ [2025-11-03 09:04:03] Queue worker is running (1 process)
✓ [2025-11-03 09:04:13] Queue worker is running (1 process)
✓ [2025-11-03 09:04:23] Queue worker is running (1 process)
✓ [2025-11-03 09:04:33] Queue worker is running (1 process)
✓ [2025-11-03 09:04:43] Queue worker is running (1 process)
✓ [2025-11-03 09:04:53] Queue worker is running (1 process)
✓ [2025-11-03 09:05:03] Queue worker is running (1 process)
✓ [2025-11-03 09:05:13] Queue worker is running (1 process)
✓ [2025-11-03 09:05:23] Queue worker is running (1 process)
✓ [2025-11-03 09:05:33] Queue worker is running (1 process)
✓ [2025-11-03 09:05:44] Queue worker is running (1 process)
✓ [2025-11-03 09:05:54] Queue worker is running (1 process)
./monitor-queue.sh: line 33: 50390 Killed: 9               nohup php artisan queue:work --queue=image-processing,default --tries=3 > storage/logs/queue-worker.log 2>&1
⚠️  [2025-11-03 09:06:04] Queue worker not running! Starting...
✅ [2025-11-03 09:06:04] Queue worker started with PID: 66005
✓ [2025-11-03 09:06:14] Queue worker is running (1 process)
✓ [2025-11-03 09:06:24] Queue worker is running (1 process)
✓ [2025-11-03 09:06:34] Queue worker is running (1 process)
✓ [2025-11-03 09:06:44] Queue worker is running (1 process)
✓ [2025-11-03 09:06:54] Queue worker is running (1 process)
✓ [2025-11-03 09:07:04] Queue worker is running (1 process)
✓ [2025-11-03 09:07:14] Queue worker is running (1 process)
✓ [2025-11-03 09:07:24] Queue worker is running (1 process)
✓ [2025-11-03 09:07:34] Queue worker is running (1 process)
✓ [2025-11-03 09:07:44] Queue worker is running (1 process)
✓ [2025-11-03 09:07:55] Queue worker is running (1 process)
✓ [2025-11-03 09:08:05] Queue worker is running (1 process)
✓ [2025-11-03 09:08:15] Queue worker is running (1 process)
✓ [2025-11-03 09:08:25] Queue worker is running (1 process)
✓ [2025-11-03 09:08:35] Queue worker is running (1 process)
✓ [2025-11-03 09:08:45] Queue worker is running (1 process)
✓ [2025-11-03 09:08:55] Queue worker is running (1 process)
✓ [2025-11-03 09:09:05] Queue worker is running (1 process)
✓ [2025-11-03 09:09:15] Queue worker is running (1 process)
✓ [2025-11-03 09:09:25] Queue worker is running (1 process)
✓ [2025-11-03 09:09:35] Queue worker is running (1 process)
✓ [2025-11-03 09:09:46] Queue worker is running (1 process)
✓ [2025-11-03 09:09:56] Queue worker is running (1 process)
✓ [2025-11-03 09:10:06] Queue worker is running (1 process)
✓ [2025-11-03 09:10:16] Queue worker is running (1 process)
✓ [2025-11-03 09:10:26] Queue worker is running (1 process)
✓ [2025-11-03 09:10:36] Queue worker is running (1 process)
✓ [2025-11-03 09:10:46] Queue worker is running (1 process)
✓ [2025-11-03 09:10:56] Queue worker is running (1 process)
✓ [2025-11-03 09:11:06] Queue worker is running (1 process)
✓ [2025-11-03 09:11:16] Queue worker is running (1 process)
✓ [2025-11-03 09:11:26] Queue worker is running (1 process)
✓ [2025-11-03 09:11:36] Queue worker is running (1 process)
./monitor-queue.sh: line 33: 66005 Killed: 9               nohup php artisan queue:work --queue=image-processing,default --tries=3 > storage/logs/queue-worker.log 2>&1
⚠️  [2025-11-03 09:11:46] Queue worker not running! Starting...
✅ [2025-11-03 09:11:46] Queue worker started with PID: 69551
✓ [2025-11-03 09:11:56] Queue worker is running (1 process)
✓ [2025-11-03 09:12:07] Queue worker is running (1 process)
✓ [2025-11-03 09:12:17] Queue worker is running (1 process)
✓ [2025-11-03 09:12:27] Queue worker is running (1 process)
✓ [2025-11-03 09:12:37] Queue worker is running (1 process)
✓ [2025-11-03 09:12:47] Queue worker is running (1 process)
✓ [2025-11-03 09:12:57] Queue worker is running (1 process)
✓ [2025-11-03 09:13:07] Queue worker is running (1 process)
✓ [2025-11-03 09:13:17] Queue worker is running (1 process)
✓ [2025-11-03 09:13:27] Queue worker is running (1 process)
✓ [2025-11-03 09:13:37] Queue worker is running (1 process)
✓ [2025-11-03 09:13:47] Queue worker is running (1 process)
✓ [2025-11-03 09:13:58] Queue worker is running (1 process)
✓ [2025-11-03 09:14:08] Queue worker is running (1 process)
✓ [2025-11-03 09:14:18] Queue worker is running (1 process)
✓ [2025-11-03 09:14:28] Queue worker is running (1 process)
✓ [2025-11-03 09:14:38] Queue worker is running (1 process)
✓ [2025-11-03 09:14:48] Queue worker is running (1 process)
✓ [2025-11-03 09:14:58] Queue worker is running (1 process)
✓ [2025-11-03 09:15:08] Queue worker is running (1 process)
✓ [2025-11-03 09:15:18] Queue worker is running (1 process)
✓ [2025-11-03 09:15:29] Queue worker is running (1 process)
✓ [2025-11-03 09:15:39] Queue worker is running (1 process)
✓ [2025-11-03 09:15:49] Queue worker is running (1 process)
✓ [2025-11-03 09:15:59] Queue worker is running (1 process)
✓ [2025-11-03 09:16:09] Queue worker is running (1 process)
✓ [2025-11-03 09:16:19] Queue worker is running (1 process)
✓ [2025-11-03 09:16:29] Queue worker is running (1 process)
✓ [2025-11-03 09:16:39] Queue worker is running (1 process)
✓ [2025-11-03 09:16:49] Queue worker is running (1 process)
✓ [2025-11-03 09:16:59] Queue worker is running (1 process)
✓ [2025-11-03 09:17:09] Queue worker is running (1 process)
✓ [2025-11-03 09:17:19] Queue worker is running (1 process)
✓ [2025-11-03 09:17:30] Queue worker is running (1 process)
✓ [2025-11-03 09:17:40] Queue worker is running (1 process)
✓ [2025-11-03 09:17:50] Queue worker is running (1 process)
✓ [2025-11-03 09:18:00] Queue worker is running (1 process)
✓ [2025-11-03 09:18:10] Queue worker is running (1 process)
✓ [2025-11-03 09:18:20] Queue worker is running (1 process)
✓ [2025-11-03 09:18:30] Queue worker is running (1 process)
✓ [2025-11-03 09:18:40] Queue worker is running (1 process)
✓ [2025-11-03 09:18:50] Queue worker is running (1 process)
✓ [2025-11-03 09:19:00] Queue worker is running (1 process)
✓ [2025-11-03 09:19:10] Queue worker is running (1 process)
✓ [2025-11-03 09:19:21] Queue worker is running (1 process)
✓ [2025-11-03 09:19:31] Queue worker is running (1 process)
✓ [2025-11-03 09:19:41] Queue worker is running (1 process)
✓ [2025-11-03 09:19:51] Queue worker is running (1 process)
✓ [2025-11-03 09:20:01] Queue worker is running (1 process)
✓ [2025-11-03 09:20:11] Queue worker is running (1 process)
✓ [2025-11-03 09:20:21] Queue worker is running (1 process)
./monitor-queue.sh: line 33: 69551 Killed: 9               nohup php artisan queue:work --queue=image-processing,default --tries=3 > storage/logs/queue-worker.log 2>&1
⚠️  [2025-11-03 09:20:31] Queue worker not running! Starting...
✅ [2025-11-03 09:20:31] Queue worker started with PID: 72974
✓ [2025-11-03 09:20:41] Queue worker is running (1 process)
✓ [2025-11-03 09:20:51] Queue worker is running (1 process)
✓ [2025-11-03 09:21:01] Queue worker is running (1 process)
✓ [2025-11-03 09:21:11] Queue worker is running (1 process)
✓ [2025-11-03 09:21:21] Queue worker is running (1 process)
✓ [2025-11-03 09:21:32] Queue worker is running (1 process)
✓ [2025-11-03 09:21:42] Queue worker is running (1 process)
✓ [2025-11-03 09:21:52] Queue worker is running (1 process)
✓ [2025-11-03 09:22:02] Queue worker is running (1 process)
✓ [2025-11-03 09:22:12] Queue worker is running (1 process)
✓ [2025-11-03 09:22:22] Queue worker is running (1 process)
✓ [2025-11-03 09:22:32] Queue worker is running (1 process)
✓ [2025-11-03 09:22:42] Queue worker is running (1 process)
✓ [2025-11-03 09:22:52] Queue worker is running (1 process)
✓ [2025-11-03 09:23:02] Queue worker is running (1 process)
✓ [2025-11-03 09:23:13] Queue worker is running (1 process)
✓ [2025-11-03 09:23:23] Queue worker is running (1 process)
✓ [2025-11-03 09:23:33] Queue worker is running (1 process)
✓ [2025-11-03 09:23:43] Queue worker is running (1 process)
✓ [2025-11-03 09:23:53] Queue worker is running (1 process)
✓ [2025-11-03 09:24:03] Queue worker is running (1 process)
✓ [2025-11-03 09:24:13] Queue worker is running (1 process)
✓ [2025-11-03 09:24:23] Queue worker is running (1 process)
✓ [2025-11-03 09:24:33] Queue worker is running (1 process)
✓ [2025-11-03 09:24:43] Queue worker is running (1 process)
✓ [2025-11-03 09:24:53] Queue worker is running (1 process)
✓ [2025-11-03 09:25:04] Queue worker is running (1 process)
✓ [2025-11-03 09:25:14] Queue worker is running (1 process)
✓ [2025-11-03 09:25:24] Queue worker is running (1 process)
✓ [2025-11-03 09:25:34] Queue worker is running (1 process)
✓ [2025-11-03 09:25:44] Queue worker is running (1 process)
✓ [2025-11-03 09:25:54] Queue worker is running (1 process)
✓ [2025-11-03 09:26:04] Queue worker is running (1 process)
✓ [2025-11-03 09:26:14] Queue worker is running (1 process)
✓ [2025-11-03 09:26:24] Queue worker is running (1 process)
✓ [2025-11-03 09:26:34] Queue worker is running (1 process)
✓ [2025-11-03 09:26:44] Queue worker is running (1 process)
✓ [2025-11-03 09:26:55] Queue worker is running (1 process)
✓ [2025-11-03 09:27:05] Queue worker is running (1 process)
✓ [2025-11-03 09:27:15] Queue worker is running (1 process)
✓ [2025-11-03 09:27:25] Queue worker is running (1 process)
✓ [2025-11-03 09:27:35] Queue worker is running (1 process)
✓ [2025-11-03 09:27:45] Queue worker is running (1 process)
✓ [2025-11-03 09:27:55] Queue worker is running (1 process)
✓ [2025-11-03 09:28:05] Queue worker is running (1 process)
✓ [2025-11-03 09:28:15] Queue worker is running (1 process)
✓ [2025-11-03 09:28:25] Queue worker is running (1 process)
✓ [2025-11-03 09:28:35] Queue worker is running (1 process)
✓ [2025-11-03 09:28:45] Queue worker is running (1 process)
✓ [2025-11-03 09:28:55] Queue worker is running (1 process)
✓ [2025-11-03 09:29:05] Queue worker is running (1 process)
✓ [2025-11-03 09:29:15] Queue worker is running (1 process)
✓ [2025-11-03 09:29:26] Queue worker is running (1 process)
✓ [2025-11-03 09:29:36] Queue worker is running (1 process)
✓ [2025-11-03 09:29:46] Queue worker is running (1 process)
✓ [2025-11-03 09:29:56] Queue worker is running (1 process)
✓ [2025-11-03 09:30:06] Queue worker is running (1 process)
✓ [2025-11-03 09:30:16] Queue worker is running (1 process)
✓ [2025-11-03 09:30:26] Queue worker is running (1 process)
✓ [2025-11-03 09:30:36] Queue worker is running (1 process)
✓ [2025-11-03 09:30:46] Queue worker is running (1 process)
✓ [2025-11-03 09:30:56] Queue worker is running (1 process)
✓ [2025-11-03 09:31:06] Queue worker is running (1 process)
✓ [2025-11-03 09:31:17] Queue worker is running (1 process)
✓ [2025-11-03 09:31:27] Queue worker is running (1 process)
✓ [2025-11-03 09:31:37] Queue worker is running (1 process)
✓ [2025-11-03 09:31:47] Queue worker is running (1 process)
✓ [2025-11-03 09:31:57] Queue worker is running (1 process)
✓ [2025-11-03 09:32:07] Queue worker is running (1 process)
✓ [2025-11-03 09:32:17] Queue worker is running (1 process)
✓ [2025-11-03 09:32:27] Queue worker is running (1 process)
✓ [2025-11-03 09:32:37] Queue worker is running (1 process)
✓ [2025-11-03 09:32:47] Queue worker is running (1 process)
✓ [2025-11-03 09:32:57] Queue worker is running (1 process)
✓ [2025-11-03 09:33:08] Queue worker is running (1 process)
✓ [2025-11-03 09:33:18] Queue worker is running (1 process)
✓ [2025-11-03 09:33:28] Queue worker is running (1 process)
✓ [2025-11-03 09:33:38] Queue worker is running (1 process)
✓ [2025-11-03 09:33:48] Queue worker is running (1 process)
✓ [2025-11-03 09:33:58] Queue worker is running (1 process)
✓ [2025-11-03 09:34:08] Queue worker is running (1 process)
✓ [2025-11-03 09:34:18] Queue worker is running (1 process)
⚠️  [2025-11-03 09:34:28] Queue worker not running! Starting...
✅ [2025-11-03 09:34:28] Queue worker started with PID: 78526
✓ [2025-11-03 09:34:38] Queue worker is running (1 process)
✓ [2025-11-03 09:34:48] Queue worker is running (1 process)
✓ [2025-11-03 09:34:58] Queue worker is running (1 process)
✓ [2025-11-03 09:35:09] Queue worker is running (1 process)
✓ [2025-11-03 09:35:19] Queue worker is running (1 process)
./monitor-queue.sh: line 33: 78526 Killed: 9               nohup php artisan queue:work --queue=image-processing,default --tries=3 > storage/logs/queue-worker.log 2>&1
⚠️  [2025-11-03 09:35:29] Queue worker not running! Starting...
✅ [2025-11-03 09:35:29] Queue worker started with PID: 78625
✓ [2025-11-03 09:35:39] Queue worker is running (1 process)
✓ [2025-11-03 09:35:49] Queue worker is running (1 process)
✓ [2025-11-03 09:35:59] Queue worker is running (1 process)
✓ [2025-11-03 09:36:09] Queue worker is running (1 process)
✓ [2025-11-03 09:36:19] Queue worker is running (1 process)
✓ [2025-11-03 09:36:29] Queue worker is running (1 process)
✓ [2025-11-03 09:36:39] Queue worker is running (1 process)
✓ [2025-11-03 09:36:49] Queue worker is running (1 process)
✓ [2025-11-03 09:37:00] Queue worker is running (1 process)
✓ [2025-11-03 09:37:10] Queue worker is running (1 process)
✓ [2025-11-03 09:37:20] Queue worker is running (1 process)
✓ [2025-11-03 09:37:30] Queue worker is running (1 process)
✓ [2025-11-03 09:37:40] Queue worker is running (1 process)
✓ [2025-11-03 09:37:50] Queue worker is running (1 process)
✓ [2025-11-03 09:38:00] Queue worker is running (1 process)
✓ [2025-11-03 09:38:10] Queue worker is running (1 process)
✓ [2025-11-03 09:38:20] Queue worker is running (1 process)
✓ [2025-11-03 09:38:30] Queue worker is running (1 process)
✓ [2025-11-03 09:38:40] Queue worker is running (1 process)
✓ [2025-11-03 09:38:51] Queue worker is running (1 process)
✓ [2025-11-03 09:39:01] Queue worker is running (1 process)
✓ [2025-11-03 09:39:11] Queue worker is running (1 process)
./monitor-queue.sh: line 33: 78625 Killed: 9               nohup php artisan queue:work --queue=image-processing,default --tries=3 > storage/logs/queue-worker.log 2>&1
⚠️  [2025-11-03 09:39:21] Queue worker not running! Starting...
✅ [2025-11-03 09:39:21] Queue worker started with PID: 78984
✓ [2025-11-03 09:39:31] Queue worker is running (1 process)
✓ [2025-11-03 09:39:41] Queue worker is running (1 process)
✓ [2025-11-03 09:39:51] Queue worker is running (1 process)
✓ [2025-11-03 09:40:01] Queue worker is running (1 process)
✓ [2025-11-03 09:40:11] Queue worker is running (1 process)
✓ [2025-11-03 09:40:21] Queue worker is running (1 process)
✓ [2025-11-03 09:40:31] Queue worker is running (1 process)
✓ [2025-11-03 09:40:42] Queue worker is running (1 process)
✓ [2025-11-03 09:40:52] Queue worker is running (1 process)
✓ [2025-11-03 09:41:02] Queue worker is running (1 process)
✓ [2025-11-03 09:41:12] Queue worker is running (1 process)
✓ [2025-11-03 09:41:22] Queue worker is running (1 process)
✓ [2025-11-03 09:41:32] Queue worker is running (1 process)
✓ [2025-11-03 09:41:42] Queue worker is running (1 process)
✓ [2025-11-03 09:41:52] Queue worker is running (1 process)
✓ [2025-11-03 09:42:02] Queue worker is running (1 process)
✓ [2025-11-03 09:42:12] Queue worker is running (1 process)
✓ [2025-11-03 09:42:22] Queue worker is running (1 process)
✓ [2025-11-03 09:42:32] Queue worker is running (1 process)
✓ [2025-11-03 09:42:43] Queue worker is running (1 process)
✓ [2025-11-03 09:42:53] Queue worker is running (1 process)
✓ [2025-11-03 09:43:03] Queue worker is running (1 process)
✓ [2025-11-03 09:43:13] Queue worker is running (1 process)
✓ [2025-11-03 09:43:23] Queue worker is running (1 process)
✓ [2025-11-03 09:43:33] Queue worker is running (1 process)
✓ [2025-11-03 09:43:43] Queue worker is running (1 process)
✓ [2025-11-03 09:43:53] Queue worker is running (1 process)
✓ [2025-11-03 09:44:03] Queue worker is running (1 process)
✓ [2025-11-03 09:44:13] Queue worker is running (1 process)
✓ [2025-11-03 09:44:24] Queue worker is running (1 process)
✓ [2025-11-03 09:44:34] Queue worker is running (1 process)
✓ [2025-11-03 09:44:44] Queue worker is running (1 process)
✓ [2025-11-03 09:44:54] Queue worker is running (1 process)
✓ [2025-11-03 09:45:04] Queue worker is running (1 process)
✓ [2025-11-03 09:45:14] Queue worker is running (1 process)
✓ [2025-11-03 09:45:24] Queue worker is running (1 process)
✓ [2025-11-03 09:45:34] Queue worker is running (1 process)
✓ [2025-11-03 09:45:44] Queue worker is running (1 process)
✓ [2025-11-03 09:45:54] Queue worker is running (1 process)
✓ [2025-11-03 09:46:05] Queue worker is running (1 process)
./monitor-queue.sh: line 33: 78984 Killed: 9               nohup php artisan queue:work --queue=image-processing,default --tries=3 > storage/logs/queue-worker.log 2>&1
⚠️  [2025-11-03 09:46:15] Queue worker not running! Starting...
✅ [2025-11-03 09:46:15] Queue worker started with PID: 80320
✓ [2025-11-03 09:46:25] Queue worker is running (1 process)
✓ [2025-11-03 09:46:35] Queue worker is running (1 process)
✓ [2025-11-03 09:46:45] Queue worker is running (1 process)
✓ [2025-11-03 09:46:55] Queue worker is running (1 process)
✓ [2025-11-03 09:47:05] Queue worker is running (1 process)
✓ [2025-11-03 09:47:15] Queue worker is running (1 process)
✓ [2025-11-03 09:47:25] Queue worker is running (1 process)
✓ [2025-11-03 09:47:35] Queue worker is running (1 process)
✓ [2025-11-03 09:47:46] Queue worker is running (1 process)
✓ [2025-11-03 09:47:56] Queue worker is running (1 process)
✓ [2025-11-03 09:48:06] Queue worker is running (1 process)
✓ [2025-11-03 09:48:16] Queue worker is running (1 process)
✓ [2025-11-03 09:48:26] Queue worker is running (1 process)
✓ [2025-11-03 09:48:36] Queue worker is running (1 process)
✓ [2025-11-03 09:48:46] Queue worker is running (1 process)
✓ [2025-11-03 09:48:56] Queue worker is running (1 process)
✓ [2025-11-03 09:49:06] Queue worker is running (1 process)
✓ [2025-11-03 09:49:16] Queue worker is running (1 process)
✓ [2025-11-03 09:49:26] Queue worker is running (1 process)
✓ [2025-11-03 09:49:36] Queue worker is running (1 process)
✓ [2025-11-03 09:49:46] Queue worker is running (1 process)
./monitor-queue.sh: line 33: 80320 Killed: 9               nohup php artisan queue:work --queue=image-processing,default --tries=3 > storage/logs/queue-worker.log 2>&1
⚠️  [2025-11-03 09:49:56] Queue worker not running! Starting...
✅ [2025-11-03 09:49:57] Queue worker started with PID: 81776
✓ [2025-11-03 09:50:07] Queue worker is running (1 process)
✓ [2025-11-03 09:50:17] Queue worker is running (1 process)
✓ [2025-11-03 09:50:27] Queue worker is running (1 process)
✓ [2025-11-03 09:50:37] Queue worker is running (1 process)
✓ [2025-11-03 09:50:47] Queue worker is running (1 process)
✓ [2025-11-03 09:50:57] Queue worker is running (1 process)
✓ [2025-11-03 09:51:07] Queue worker is running (1 process)
✓ [2025-11-03 09:51:17] Queue worker is running (1 process)
✓ [2025-11-03 09:51:27] Queue worker is running (1 process)
✓ [2025-11-03 09:51:37] Queue worker is running (1 process)
✓ [2025-11-03 09:51:47] Queue worker is running (1 process)
✓ [2025-11-03 09:51:58] Queue worker is running (1 process)
✓ [2025-11-03 09:52:08] Queue worker is running (1 process)
✓ [2025-11-03 09:52:18] Queue worker is running (1 process)
✓ [2025-11-03 09:52:28] Queue worker is running (1 process)
✓ [2025-11-03 09:52:38] Queue worker is running (1 process)
✓ [2025-11-03 09:52:48] Queue worker is running (1 process)
✓ [2025-11-03 09:52:58] Queue worker is running (1 process)
✓ [2025-11-03 09:53:08] Queue worker is running (1 process)
✓ [2025-11-03 09:53:18] Queue worker is running (1 process)
✓ [2025-11-03 09:53:28] Queue worker is running (1 process)
✓ [2025-11-03 09:53:38] Queue worker is running (1 process)
✓ [2025-11-03 09:53:49] Queue worker is running (1 process)
✓ [2025-11-03 09:53:59] Queue worker is running (1 process)
✓ [2025-11-03 09:54:09] Queue worker is running (1 process)
✓ [2025-11-03 09:54:19] Queue worker is running (1 process)
✓ [2025-11-03 09:54:29] Queue worker is running (1 process)
✓ [2025-11-03 09:54:39] Queue worker is running (1 process)
✓ [2025-11-03 09:54:49] Queue worker is running (1 process)
✓ [2025-11-03 09:54:59] Queue worker is running (1 process)
✓ [2025-11-03 09:55:09] Queue worker is running (1 process)
✓ [2025-11-03 09:55:19] Queue worker is running (1 process)
✓ [2025-11-03 09:55:29] Queue worker is running (1 process)
✓ [2025-11-03 09:55:39] Queue worker is running (1 process)
✓ [2025-11-03 09:55:49] Queue worker is running (1 process)
✓ [2025-11-03 09:56:00] Queue worker is running (1 process)
✓ [2025-11-03 09:56:10] Queue worker is running (1 process)
✓ [2025-11-03 09:56:20] Queue worker is running (1 process)
✓ [2025-11-03 09:56:30] Queue worker is running (1 process)
✓ [2025-11-03 09:56:40] Queue worker is running (1 process)
✓ [2025-11-03 09:56:50] Queue worker is running (1 process)
✓ [2025-11-03 09:57:00] Queue worker is running (1 process)
✓ [2025-11-03 09:57:10] Queue worker is running (1 process)
✓ [2025-11-03 09:57:20] Queue worker is running (1 process)
✓ [2025-11-03 09:57:30] Queue worker is running (1 process)
✓ [2025-11-03 09:57:40] Queue worker is running (1 process)
✓ [2025-11-03 09:57:50] Queue worker is running (1 process)
✓ [2025-11-03 09:58:01] Queue worker is running (1 process)
✓ [2025-11-03 09:58:11] Queue worker is running (1 process)
✓ [2025-11-03 09:58:21] Queue worker is running (1 process)
✓ [2025-11-03 09:58:31] Queue worker is running (1 process)
✓ [2025-11-03 09:58:41] Queue worker is running (1 process)
✓ [2025-11-03 09:58:51] Queue worker is running (1 process)
✓ [2025-11-03 09:59:01] Queue worker is running (1 process)
✓ [2025-11-03 09:59:11] Queue worker is running (1 process)
✓ [2025-11-03 09:59:21] Queue worker is running (1 process)
✓ [2025-11-03 09:59:31] Queue worker is running (1 process)
✓ [2025-11-03 09:59:41] Queue worker is running (1 process)
./monitor-queue.sh: line 33: 81776 Killed: 9               nohup php artisan queue:work --queue=image-processing,default --tries=3 > storage/logs/queue-worker.log 2>&1
⚠️  [2025-11-03 09:59:52] Queue worker not running! Starting...
✅ [2025-11-03 09:59:52] Queue worker started with PID: 83843
✓ [2025-11-03 10:00:02] Queue worker is running (1 process)
✓ [2025-11-03 10:00:12] Queue worker is running (1 process)
✓ [2025-11-03 10:00:22] Queue worker is running (1 process)
✓ [2025-11-03 10:00:32] Queue worker is running (1 process)
✓ [2025-11-03 10:00:42] Queue worker is running (1 process)
✓ [2025-11-03 10:00:52] Queue worker is running (1 process)
✓ [2025-11-03 10:01:02] Queue worker is running (1 process)
✓ [2025-11-03 10:01:12] Queue worker is running (1 process)
✓ [2025-11-03 10:01:22] Queue worker is running (1 process)
✓ [2025-11-03 10:01:32] Queue worker is running (1 process)
✓ [2025-11-03 10:01:42] Queue worker is running (1 process)
✓ [2025-11-03 10:01:52] Queue worker is running (1 process)
✓ [2025-11-03 10:02:03] Queue worker is running (1 process)
✓ [2025-11-03 10:02:13] Queue worker is running (1 process)
✓ [2025-11-03 10:02:23] Queue worker is running (1 process)
✓ [2025-11-03 10:02:33] Queue worker is running (1 process)
✓ [2025-11-03 10:02:43] Queue worker is running (1 process)
✓ [2025-11-03 10:02:53] Queue worker is running (1 process)
✓ [2025-11-03 10:03:03] Queue worker is running (1 process)
✓ [2025-11-03 10:03:13] Queue worker is running (1 process)
✓ [2025-11-03 10:03:23] Queue worker is running (1 process)
✓ [2025-11-03 10:03:33] Queue worker is running (1 process)
✓ [2025-11-03 10:03:43] Queue worker is running (1 process)
✓ [2025-11-03 10:03:53] Queue worker is running (1 process)
✓ [2025-11-03 10:04:03] Queue worker is running (1 process)
✓ [2025-11-03 10:04:14] Queue worker is running (1 process)
./monitor-queue.sh: line 33: 83843 Killed: 9               nohup php artisan queue:work --queue=image-processing,default --tries=3 > storage/logs/queue-worker.log 2>&1
⚠️  [2025-11-03 10:04:24] Queue worker not running! Starting...
✅ [2025-11-03 10:04:24] Queue worker started with PID: 86020
✓ [2025-11-03 10:04:34] Queue worker is running (1 process)
✓ [2025-11-03 10:04:44] Queue worker is running (1 process)
✓ [2025-11-03 10:04:54] Queue worker is running (1 process)
✓ [2025-11-03 10:05:04] Queue worker is running (1 process)
✓ [2025-11-03 10:05:14] Queue worker is running (1 process)
✓ [2025-11-03 10:05:24] Queue worker is running (1 process)
✓ [2025-11-03 10:05:34] Queue worker is running (1 process)
✓ [2025-11-03 10:05:44] Queue worker is running (1 process)
✓ [2025-11-03 10:05:54] Queue worker is running (1 process)
✓ [2025-11-03 10:06:04] Queue worker is running (1 process)
✓ [2025-11-03 10:06:15] Queue worker is running (1 process)
✓ [2025-11-03 10:06:25] Queue worker is running (1 process)
✓ [2025-11-03 10:06:35] Queue worker is running (1 process)
✓ [2025-11-03 10:06:45] Queue worker is running (1 process)
✓ [2025-11-03 10:06:55] Queue worker is running (1 process)
✓ [2025-11-03 10:07:05] Queue worker is running (1 process)
✓ [2025-11-03 10:07:15] Queue worker is running (1 process)
✓ [2025-11-03 10:07:25] Queue worker is running (1 process)
✓ [2025-11-03 10:07:35] Queue worker is running (1 process)
✓ [2025-11-03 10:07:45] Queue worker is running (1 process)
✓ [2025-11-03 10:07:55] Queue worker is running (1 process)
✓ [2025-11-03 10:08:05] Queue worker is running (1 process)
✓ [2025-11-03 10:08:15] Queue worker is running (1 process)
✓ [2025-11-03 10:08:26] Queue worker is running (1 process)
✓ [2025-11-03 10:08:36] Queue worker is running (1 process)
✓ [2025-11-03 10:08:46] Queue worker is running (1 process)
✓ [2025-11-03 10:08:56] Queue worker is running (1 process)
✓ [2025-11-03 10:09:06] Queue worker is running (1 process)
✓ [2025-11-03 10:09:16] Queue worker is running (1 process)
✓ [2025-11-03 10:09:26] Queue worker is running (1 process)
✓ [2025-11-03 10:09:36] Queue worker is running (1 process)
✓ [2025-11-03 10:09:46] Queue worker is running (1 process)
✓ [2025-11-03 10:09:56] Queue worker is running (1 process)
✓ [2025-11-03 10:10:06] Queue worker is running (1 process)
✓ [2025-11-03 10:10:16] Queue worker is running (1 process)
✓ [2025-11-03 10:10:27] Queue worker is running (1 process)
✓ [2025-11-03 10:10:37] Queue worker is running (1 process)
✓ [2025-11-03 10:10:47] Queue worker is running (1 process)
✓ [2025-11-03 10:10:57] Queue worker is running (1 process)
✓ [2025-11-03 10:11:07] Queue worker is running (1 process)
✓ [2025-11-03 10:11:17] Queue worker is running (1 process)
✓ [2025-11-03 10:11:27] Queue worker is running (1 process)
✓ [2025-11-03 10:11:37] Queue worker is running (1 process)
✓ [2025-11-03 10:11:47] Queue worker is running (1 process)
✓ [2025-11-03 10:11:57] Queue worker is running (1 process)
✓ [2025-11-03 10:12:07] Queue worker is running (1 process)
✓ [2025-11-03 10:12:17] Queue worker is running (1 process)
✓ [2025-11-03 10:12:27] Queue worker is running (1 process)
